TRACT,RESPNUM_,FIPS,SEX,EDUCATION,AGE,Xcoord0,Ycoord0,Xcoord1,Ycoord1
25,0072,421010072001,2,4,48,-75.23142661716653,39.945838492653,-75.23209905925454,39.946352905286496
2919,0073,421010073005,1,1,41,-75.22347006990366,39.94504578187015,-75.22357806056245,39.94473263592324
2371,0073,421010073001,1,2,67,-75.22200290947394,39.94363951832713,-75.21965985766984,39.942092930777534
2928,0074,421010074008,1,3,51,-75.21292162995051,39.94039694773066,-75.2159357791097,39.94201189193817
72,0078,421010078003,1,2,64,-75.22054840451788,39.94646742806468,-75.21872569471566,39.94533369497948
310,0070,421010070004,1,2,64,-75.22295661869667,39.933889191627664,-75.22373648771003,39.93573277988897
214,0078,421010078004,1,5,32,-75.21741038305703,39.94574751997368,-75.21600757384759,39.9462678402186
693,0078,421010078003,1,2,64,-75.2181302803625,39.94468548607561,-75.22031535101222,39.946764066628205
3134,0074,421010074008,1,3,69,-75.21576013126665,39.94050183630061,-75.21288535768322,39.94046290865496
2587,0073,421010073002,1,3,51,-75.22231489607232,39.94181974344172,-75.22249927899593,39.94229485636859
3058,0073,421010073002,2,3,29,-75.22324644325371,39.94257204746293,-75.2232040440066,39.94229605791966
687,0071,421010071004,1,1,33,-75.23039083938559,39.93790712512854,-75.23003858038184,39.93839600291004
2253,0070,421010070004,1,2,54,-75.22463189406783,39.93519385443993,-75.22381746188562,39.93403442255826
3188,0070,421010070004,1,2,75,-75.22377998954983,39.934449703042,-75.22441032983566,39.93473485989738
802,0070,421010070004,1,2,57,-75.22395876413091,39.93446205680729,-75.22533191522098,39.935118214987284
661,0074,421010074007,1,2,71,-75.2166519608353,39.942846869684686,-75.21507518206967,39.942864663745276
71,0074,421010074006,1,2,25,-75.21628500504028,39.93980675309641,-75.21627002442216,39.93856926148131
3128,0071,421010071004,2,1,52,-75.2306417124635,39.93753251365675,-75.2296364475783,39.93681997348403
2920,0078,421010078001,1,4,22,-75.210241045882,39.94669806375114,-75.21312444475134,39.944766791147686
337,0074,421010074008,1,3,43,-75.21648570800336,39.94017540079762,-75.21424034177198,39.939398637736474
82,0070,421010070004,1,2,19,-75.22502602928351,39.935339193770005,-75.2241734657053,39.93566370930794
1757,0071,421010071001,1,2,73,-75.22415460403239,39.93906657960866,-75.22153057865603,39.940110000069765
3086,0078,421010078004,1,5,42,-75.21856138423365,39.94728838440541,-75.21842960231908,39.947537543894725
90,0077,421010077001,2,5,30,-75.20934130828998,39.948470572091544,-75.20958853753027,39.94709454188401
1848,0070,421010070004,1,2,46,-75.22290913279684,39.934439534329464,-75.22407737429148,39.93451065921241
3003,0072,421010072001,2,2,49,-75.23209498821328,39.947227069161784,-75.22994280415203,39.946397188094934
1732,0074,421010074006,1,2,52,-75.21632493849219,39.9393584661022,-75.21641420479354,39.9390947346989
2455,0070,421010070006,1,1,47,-75.2216339256057,39.937482963210975,-75.22014642945425,39.93540000803115
2689,0069,421010069001,1,2,50,-75.21044374529808,39.933621061602125,-75.20837719875651,39.93215886639658
1373,0078,421010078005,1,3,44,-75.21239498057294,39.94693305048531,-75.21303650880033,39.946936483829994
264,0074,421010074002,1,5,58,-75.21360454207516,39.943850839671654,-75.21116218043431,39.94269756305627
2361,0072,421010072006,1,1,74,-75.23664063835882,39.94493402142945,-75.2358573437687,39.94434810667479
2331,0071,421010071008,1,5,40,-75.22525104298519,39.94008328415353,-75.22644015012065,39.94170550522806
167,0072,421010072007,1,2,52,-75.23344306289219,39.94385827909187,-75.23449048386838,39.942767679088355
2914,0072,421010072001,1,4,48,-75.23130292450513,39.94684932770031,-75.23329469204687,39.946090967887656
1505,0071,421010071004,1,1,53,-75.2280066979236,39.93878817993106,-75.2298873023047,39.9395726326824
2223,0070,421010070004,1,2,60,-75.22336161077081,39.933591936785895,-75.22466126867765,39.934773932380494
2258,0077,421010077001,2,4,34,-75.20861858806018,39.947981371075365,-75.20572390581304,39.949532776192235
1639,0073,421010073002,1,4,52,-75.2220921645024,39.942911180809894,-75.22438045642184,39.94313565722653
2097,0071,421010071004,1,4,63,-75.22915203875469,39.93813105665388,-75.22931016099051,39.937534300782445
2838,0072,421010072007,1,3,78,-75.23120567588492,39.94493206260503,-75.2349855252221,39.94323196019346
1323,0070,421010070006,1,1,35,-75.2223888814994,39.936542589545525,-75.22260753781428,39.93642549982051
187,0072,421010072007,1,2,28,-75.23403622305756,39.9434801087022,-75.23206764316123,39.94322195951717
357,0070,421010070004,1,2,72,-75.22269506571894,39.93362731020182,-75.22492609670999,39.93494028261266
2586,0074,421010074006,1,2,49,-75.21896224751553,39.93864727945338,-75.21640423945802,39.938853754279336
2372,0078,421010078004,1,5,49,-75.21873682203285,39.94600479418534,-75.21777615197955,39.94660335768804
2878,0077,421010077001,2,4,23,-75.20901662328087,39.94849427307703,-75.21042126371474,39.948881118366266
341,0074,421010074006,1,2,58,-75.21732371420492,39.94041314880843,-75.21667582938862,39.939246420932626
315,0069,421010069001,1,2,28,-75.211213060354,39.92875419233554,-75.21426657822217,39.928304566410084
2593,0078,421010078004,1,5,48,-75.21810241072116,39.945468991363946,-75.21724381280008,39.945499863001615
1598,0073,421010073002,1,5,63,-75.22165368940148,39.94244016601386,-75.22175240784874,39.94206797594873
3211,0073,421010073001,2,2,76,-75.2200842747165,39.94195130718831,-75.21914174823029,39.94234154843676
796,0073,421010073002,1,2,40,-75.22122645086077,39.941575604581345,-75.22183743017432,39.94189285489507
2564,0074,421010074008,1,3,52,-75.21297266665813,39.94018907339843,-75.21511387800321,39.940211052303134
829,0077,421010077001,1,3,23,-75.20712567772118,39.94807203181394,-75.20671713384479,39.9488549590725
738,0074,421010074008,2,3,52,-75.21616340475033,39.94031961404302,-75.21316642232826,39.940758897814156
3267,0071,421010071004,2,4,44,-75.228113824472,39.93923611305152,-75.22826842518123,39.93894545219636
2873,0078,421010078005,2,3,42,-75.21231479684745,39.948103390897664,-75.21381801383976,39.947773484250085
3008,0078,421010078005,2,3,54,-75.2135092343402,39.947722285030466,-75.21280875649768,39.9481419683046
2139,0070,421010070001,1,3,60,-75.22167907997493,39.93785358310588,-75.22081310407735,39.93709174415232
749,0070,421010070005,1,4,78,-75.22168317222683,39.934227085084395,-75.2205392675603,39.934008868183604
3187,0074,421010074006,1,2,39,-75.2167723740975,39.94035112341263,-75.21703620954476,39.94031958312732
1929,0074,421010074006,1,2,56,-75.21547099467976,39.93890363538863,-75.21868430466303,39.93990967683965
2492,0069,421010069001,1,2,58,-75.21181102408019,39.92810045111388,-75.20731719926962,39.93376552728052
1469,0073,421010073002,2,2,53,-75.22052054173524,39.941337561716544,-75.22306009757907,39.943002644290914
1553,0069,421010069001,1,2,54,-75.21241318814677,39.93116666674473,-75.21028909360398,39.92942714000049
1903,0071,421010071002,1,3,55,-75.2244119507103,39.9371413106871,-75.22567368308788,39.93824426790829
2469,0078,421010078001,2,2,78,-75.2138138232878,39.945112146062485,-75.21284016841415,39.944910265407884
1355,0069,421010069001,1,1,54,-75.21301693503929,39.927344309921736,-75.21071933051141,39.932781122674285
734,0071,421010071001,1,2,75,-75.22437771354073,39.93884998818964,-75.22208730054193,39.93817566529551
1574,0069,421010069002,2,2,29,-75.21573052984297,39.928599099867334,-75.21747063734571,39.93079895529104
1399,0078,421010078005,1,3,58,-75.21446442001658,39.94757475590201,-75.21572416119957,39.94781099059241
279,0078,421010078004,1,5,27,-75.21763216591998,39.945789795658094,-75.21779195141342,39.94811408141523
2963,0070,421010070001,1,3,58,-75.22023397485148,39.937557351999274,-75.22127004975756,39.938504949205985
2069,0073,421010073005,1,1,59,-75.22395182381386,39.944795333760105,-75.22163227647363,39.94557620401544
1327,0074,421010074006,1,2,33,-75.21759093495791,39.9401784540248,-75.21851364306546,39.938936740209684
217,0071,421010071007,1,2,60,-75.22397847849919,39.94065039238969,-75.22717417902226,39.94419994617701
3206,0071,421010071004,1,4,48,-75.230367931487,39.93754769839259,-75.22793931915508,39.93800977777452
55,0073,421010073002,2,5,49,-75.22235468073008,39.94207893176838,-75.22288640672453,39.94280178710067
183,0070,421010070006,1,1,69,-75.22302289365707,39.9369133719113,-75.21978065104807,39.93545528057581
1508,0072,421010072002,1,3,55,-75.22703621583402,39.944924303636284,-75.22855283888593,39.944759348276136
2971,0072,421010072007,1,2,58,-75.23123968894595,39.94416064078655,-75.23119578258311,39.94497552566401
119,0070,421010070001,1,3,54,-75.22017756013136,39.93830935021032,-75.21939172305304,39.93753322176834
786,0074,421010074008,2,2,72,-75.2134911532377,39.940118432820434,-75.2150828075692,39.94090686110253
2095,0069,421010069002,1,2,66,-75.21745221688805,39.931578535664414,-75.21827066848692,39.93103587590118
928,0073,421010073002,1,2,49,-75.2235751975513,39.94243322911684,-75.22304494285527,39.94328752544768
3305,0071,421010071002,1,3,31,-75.22599597112995,39.93846019760164,-75.22691221420735,39.937829071234034
3484,0072,421010072006,1,1,58,-75.23465313392592,39.945526811549286,-75.23364023984927,39.944559523133044
1703,0070,421010070001,1,3,57,-75.21989925775024,39.938901980443774,-75.22039396966318,39.937627735385234
3624,0071,421010071001,1,2,75,-75.22175742013428,39.93954835527052,-75.22395342178098,39.93944355765902
2227,0071,421010071002,1,3,27,-75.22584044885875,39.93698837228864,-75.2245512975579,39.93630857533298
147,0069,421010069001,1,2,47,-75.21391251808512,39.9307165507071,-75.21216925163188,39.9262315192038
2601,0072,421010072001,1,4,66,-75.23176203472013,39.94583187826191,-75.2290597834842,39.945487896489574
2212,0073,421010073002,2,3,58,-75.221890726772,39.94109508447305,-75.22113965304067,39.941371871994676
1627,0074,421010074006,1,2,33,-75.21678586343864,39.939342273663236,-75.21950482193871,39.939443425621235
1451,0071,421010071007,1,2,35,-75.22626358531764,39.94423042817562,-75.22574287908851,39.94393651543994
3391,0072,421010072002,1,3,45,-75.22928618337207,39.94393188918218,-75.22886151344161,39.94379273909643
3085,0071,421010071002,1,3,48,-75.22437939812397,39.93711844456354,-75.22434915816208,39.938472403834766
152,0073,421010073002,1,2,54,-75.22284895164425,39.94344630290698,-75.22357211956013,39.94258849022659
2150,0069,421010069001,1,3,25,-75.21251493928264,39.92782012918925,-75.21386115836309,39.93185257795073
287,0074,421010074008,1,1,74,-75.21589199449504,39.94153706416044,-75.2151626441101,39.94217334526798
910,0078,421010078004,2,4,59,-75.21854873656173,39.94645525936622,-75.21535255861416,39.94660944219619
2608,0078,421010078004,2,4,37,-75.21643205790124,39.94743127038823,-75.21885977102404,39.947447572101545
104,0070,421010070006,1,1,88,-75.22081481197024,39.93629359026022,-75.219386576666,39.93574022664986
231,0071,421010071002,1,3,19,-75.22550513016041,39.9381514190073,-75.2244550851938,39.93875084906451
2927,0069,421010069002,2,2,33,-75.21660843429568,39.9276470166771,-75.21754022502319,39.93136415671932
2356,0077,421010077001,1,3,48,-75.21020982055646,39.94819933172876,-75.20699266634797,39.947733312891785
2275,0071,421010071004,1,1,63,-75.23030150793264,39.93822619703025,-75.2297049774409,39.93780872436435
704,0070,421010070004,1,2,65,-75.22186690543664,39.93411865041986,-75.22497346744039,39.93562738074752
224,0070,421010070006,1,1,48,-75.22263910294738,39.937206723288426,-75.22027877981786,39.93556734053162
1737,0070,421010070003,2,1,47,-75.21911334633293,39.933979611564965,-75.22376611234527,39.93186752258492
803,0070,421010070001,1,3,66,-75.21865306355284,39.93633621981393,-75.2186049520247,39.93641687756747
725,0070,421010070006,1,1,78,-75.22376321544414,39.936693088911916,-75.22158339264577,39.93646937049394
1665,0070,421010070001,1,4,24,-75.21951797398803,39.93775380216238,-75.21915079224698,39.93842880706591
2572,0071,421010071002,1,3,55,-75.22667593250965,39.93802548279298,-75.22687123302752,39.937724145457715
1568,0069,421010069001,1,1,46,-75.21291670571665,39.930945125394345,-75.21296004116773,39.92843333177842
126,0071,421010071007,1,2,59,-75.22468586973115,39.94300405960197,-75.22549345111254,39.94213958339559
2481,0078,421010078004,2,4,73,-75.21605466100476,39.94750582579619,-75.22012664325665,39.94806143301494
3182,0069,421010069001,1,3,25,-75.21065487282648,39.93193792050498,-75.21159815065,39.93099110505165
2946,0071,421010071001,2,3,68,-75.22266425451494,39.9395701235625,-75.22239996875619,39.93822310524058
1803,0071,421010071004,1,1,43,-75.22855847249808,39.93834193176708,-75.23103528092395,39.93834380520719
36,0071,421010071001,1,3,69,-75.22505035376666,39.93953747748115,-75.22192427526345,39.93893066088585
3245,0074,421010074006,2,2,63,-75.21843943868697,39.93866737186217,-75.21585110888753,39.939172670482066
920,0071,421010071007,2,2,44,-75.22533910027674,39.942684778795645,-75.22443512005465,39.9415475002239
2965,0071,421010071004,2,1,44,-75.22916632822465,39.93912568539091,-75.23023432350342,39.93882275051857
722,0078,421010078004,1,5,31,-75.21785145585481,39.948185570354156,-75.2181548058543,39.947893726812104
1643,0070,421010070006,1,5,50,-75.22309972258567,39.936806175947744,-75.22186583745471,39.936590643796094
2406,0073,421010073005,1,1,63,-75.22171959851924,39.945724917851024,-75.22066385358835,39.94504191120838
354,0072,421010072007,1,2,57,-75.23277877848213,39.94339035999948,-75.23082781548612,39.94443479032539
1879,0073,421010073002,2,2,41,-75.22381660294879,39.94397559955132,-75.22129245141406,39.940909446751185
708,0070,421010070004,1,2,59,-75.22397142522556,39.93533044203948,-75.22530812335813,39.93529875211707
253,0070,421010070006,1,1,51,-75.22212947105207,39.936686760188564,-75.22322423119475,39.93585130666929
180,0078,421010078004,1,5,30,-75.21852833925165,39.94706792596234,-75.21834754729642,39.94734766488546
2096,0074,421010074006,2,2,47,-75.21828050061089,39.93987717109539,-75.21945339345939,39.9393487858755
146,0070,421010070004,1,2,40,-75.22381756984883,39.935557925169974,-75.22400875968334,39.93460299764886
1554,0073,421010073002,2,2,63,-75.22231262667543,39.94304232732023,-75.22283005588845,39.94352215898207
3051,0069,421010069001,1,2,32,-75.21439970510393,39.92826002287413,-75.20904804233318,39.9317465066076
2207,0071,421010071004,2,1,46,-75.22784721745249,39.93786069131526,-75.22964280363499,39.93708929398995
222,0073,421010073002,1,2,61,-75.2229342301685,39.943162715470635,-75.22037817859857,39.94137929268374
2868,0071,421010071004,1,4,39,-75.22964018072823,39.939713195860385,-75.22832658647475,39.9383225673122
2966,0071,421010071004,1,1,59,-75.22785365078579,39.93858702752385,-75.23012903437575,39.93837613490516
2449,0074,421010074006,2,2,48,-75.21886188219884,39.93868009473324,-75.21859237770208,39.9384494617298
1714,0072,421010072002,1,3,38,-75.22894673520287,39.94379548439638,-75.22862081325974,39.944056881550324
3084,0071,421010071007,2,2,52,-75.2254277755451,39.94236660082755,-75.2243197352142,39.94262468967374
3073,0070,421010070004,1,2,81,-75.22411170099929,39.934249778113326,-75.2225007610214,39.9337374692118
1748,0074,421010074006,1,2,18,-75.21686195531612,39.939160892401524,-75.2184327547908,39.9391689455722
2923,0077,421010077001,1,3,46,-75.21067916454906,39.94776344398001,-75.20944128788372,39.94822059951656
3302,0073,421010073002,1,3,33,-75.22351181392453,39.94264006842617,-75.22204491020373,39.941279152527514
2575,0078,421010078004,1,5,36,-75.21736770628121,39.94826419233908,-75.2196137724843,39.94716091386161
2278,0074,421010074002,1,5,30,-75.21232351344597,39.94447463077533,-75.21278372257648,39.94140332043665
3169,0070,421010070004,1,2,57,-75.22357614553763,39.93496772318472,-75.22264841821706,39.93468079143904
3483,0072,421010072007,1,2,43,-75.23195277907097,39.94341804246199,-75.23213936670568,39.94494499279814
747,0074,421010074008,2,3,59,-75.21503975709264,39.939982769439986,-75.21540848385001,39.93975344886214
2859,0078,421010078005,1,3,26,-75.21318668069208,39.948173683987896,-75.21333512913476,39.94670813726456
285,0074,421010074007,1,2,75,-75.2202593334712,39.93948649345574,-75.2189953940029,39.94043859543784
3468,0073,421010073002,1,2,45,-75.22333853239724,39.94396305974281,-75.22142816305188,39.94183154534333
2547,0078,421010078004,2,5,46,-75.21745818126784,39.94691228236546,-75.2185926579126,39.94793777435653
752,0077,421010077001,2,4,23,-75.20724325381748,39.948765175272705,-75.20755589563785,39.9487648019052
2118,0070,421010070004,1,2,29,-75.2245998551992,39.93453573897834,-75.22342679648064,39.93557249721583
1672,0069,421010069001,1,2,47,-75.21074006273997,39.933523719974524,-75.21539792817121,39.92699166632759
39,0072,421010072006,1,1,52,-75.23553442646603,39.94573634039754,-75.23598746555916,39.94561985724368
332,0078,421010078001,1,4,28,-75.21242099068822,39.945757797914894,-75.21220505619502,39.94482722123765
1452,0078,421010078004,2,4,55,-75.21824757420698,39.9466266640751,-75.21831689333962,39.94812870976757
3101,0070,421010070004,1,2,41,-75.22321330484885,39.933925602607125,-75.22354056625367,39.93370903261868
1532,0071,421010071007,1,2,27,-75.22406115020169,39.94270240774777,-75.22724847151345,39.943808942162605
1799,0070,421010070001,1,3,70,-75.21819869787272,39.93725503194942,-75.21942041027741,39.937603460462284
1609,0074,421010074008,1,3,79,-75.2169464243645,39.941355428986455,-75.21357482987025,39.939765660879736
1565,0071,421010071002,1,3,30,-75.22513262025403,39.93668720930985,-75.22660568546549,39.9376746951179
132,0071,421010071004,1,4,46,-75.22730241871758,39.938881966815394,-75.22922794809834,39.937330652254275
3376,0071,421010071002,1,3,41,-75.22537059875998,39.93739926235563,-75.22596326693188,39.937556625093045
2073,0072,421010072002,2,3,47,-75.22737372584058,39.94476575966359,-75.23008708344688,39.944554067342374
925,0071,421010071007,2,2,43,-75.22459316054187,39.94256209583901,-75.2259540197792,39.944142115399174
1680,0071,421010071007,1,2,63,-75.22308304631214,39.94133196308034,-75.22453676625189,39.94150349772729
2581,0071,421010071004,1,4,35,-75.22910566654893,39.9372706235296,-75.23032172466786,39.9388389321362
1498,0071,421010071004,1,4,35,-75.22780690638928,39.93933666788935,-75.22883114782964,39.93849369537456
3000,0071,421010071001,1,2,83,-75.22116249672214,39.9389595566993,-75.22168192970223,39.93848892924382
31,0074,421010074002,2,5,45,-75.21249819680295,39.9435202263467,-75.21260138914297,39.942679770559074
2425,0078,421010078004,1,5,54,-75.21891019139554,39.94755250748311,-75.21835434876043,39.94654151918259
85,0073,421010073002,1,3,59,-75.2241604813841,39.94330675150539,-75.22155540938249,39.940938555650455
2908,0072,421010072002,1,3,49,-75.22969468567027,39.943313005570246,-75.22726193644786,39.94479240915285
1431,0074,421010074008,1,3,30,-75.21590126778601,39.94078268580003,-75.21488760288084,39.93922536991069
3017,0071,421010071008,1,5,50,-75.2257918402053,39.93916556226085,-75.2273141599418,39.94014871759837
1881,0072,421010072002,1,3,40,-75.22882001234261,39.94517220337176,-75.2291421394923,39.94446980099932
1356,0073,421010073002,1,4,55,-75.22189617764661,39.941543705205405,-75.22164359996857,39.94180691970475
1766,0071,421010071007,1,2,36,-75.22679510501054,39.94486433529264,-75.22694899212675,39.94332931563509
1432,0077,421010077001,2,3,20,-75.2067723509082,39.94745801342006,-75.20915936280751,39.946823570575496
1541,0078,421010078004,2,4,42,-75.21868596662529,39.9463455506211,-75.21946776781934,39.947354948434516
758,0074,421010074002,1,5,48,-75.21184401419235,39.94323464904942,-75.2117974548604,39.94338402788995
2153,0069,421010069001,1,2,19,-75.215597783012,39.92990620078953,-75.21775481997993,39.929440935859894
2969,0078,421010078001,1,4,69,-75.21133671223838,39.9469774898355,-75.21175237844736,39.94634489964248
801,0071,421010071007,1,2,58,-75.22618276162704,39.94229949026098,-75.22597845817934,39.942614332195056
3095,0077,421010077001,1,4,26,-75.2061926646957,39.948513271613486,-75.20715721173435,39.946518619333
245,0070,421010070004,1,2,24,-75.22447846515449,39.93447720005732,-75.22478390770445,39.93519378498017
2350,0073,421010073001,1,3,67,-75.22148727948462,39.94356548518847,-75.2208638428669,39.94267022897607
2177,0073,421010073002,1,3,49,-75.22204891655205,39.942029060183806,-75.22264578604889,39.94292884943233
2090,0077,421010077001,1,4,45,-75.20893939059076,39.94851603862648,-75.21179298810193,39.948249629819735
2236,0078,421010078004,1,5,61,-75.2172350915337,39.9463499433578,-75.21831614228097,39.94788813959959
1496,0071,421010071004,1,1,66,-75.22904444589176,39.93929539880174,-75.22888825037819,39.93826935271117
2872,0078,421010078004,2,4,54,-75.21728194741328,39.947499334628766,-75.2190752164494,39.94740780833304
1495,0071,421010071001,1,3,70,-75.22402620034907,39.93899913801425,-75.22283620961157,39.94105186283569
350,0071,421010071007,1,2,29,-75.22378839356695,39.94111587303126,-75.22442972542197,39.94175400914386
883,0078,421010078003,1,2,64,-75.22156115001859,39.94695035407902,-75.21837194829834,39.94504327352949
143,0069,421010069003,1,3,65,-75.22153430235231,39.93035777193405,-75.21914328747471,39.93217370351138
2075,0071,421010071002,2,3,61,-75.22472506760164,39.93811530738863,-75.22513955566586,39.93682909461972
1869,0074,421010074008,1,3,55,-75.21353343524807,39.9409251277964,-75.21392609144678,39.941302939924775
1428,0078,421010078001,1,4,52,-75.21460970359166,39.943546633540805,-75.21167989585072,39.94561220731108
1412,0072,421010072007,1,2,60,-75.2343426073525,39.94332983001737,-75.23129649463398,39.945233196469715
1742,0073,421010073001,1,1,81,-75.21913153812575,39.9430362382188,-75.21979496274064,39.942157758982404
2400,0078,421010078004,1,5,49,-75.22042580361915,39.947584528557705,-75.21809955858728,39.94557368047947
2539,0078,421010078005,2,3,28,-75.21413347933967,39.946768222283964,-75.21430409910276,39.947462147199815
736,0070,421010070006,1,1,59,-75.22117673021869,39.936478325678564,-75.21971052816988,39.9357079943363
739,0072,421010072007,1,2,66,-75.2326337052763,39.943819949454934,-75.23172671619565,39.94442376941141
2972,0078,421010078005,2,3,60,-75.21344327842944,39.9472896520305,-75.21210101441756,39.94803193427575
2851,0078,421010078001,1,4,40,-75.21486232156009,39.94311476811336,-75.21253598437869,39.94610435745712
258,0069,421010069001,1,3,49,-75.21030710267405,39.93013093953053,-75.21169400997653,39.93358998024175
300,0078,421010078004,2,5,33,-75.2175676495682,39.94841313350667,-75.21607951617865,39.94636024752112
1657,0074,421010074008,1,3,50,-75.21410009848853,39.93951820005725,-75.2155818320215,39.93945452815748
2151,0071,421010071001,1,2,73,-75.22369852156254,39.93819321796022,-75.22107559255669,39.93973926474885
16,0074,421010074006,2,2,59,-75.2180660155751,39.939911199519116,-75.21682477524098,39.939789083791005
2633,0071,421010071002,2,3,39,-75.22684688372227,39.93736925008004,-75.22529254094145,39.93632183886203
882,0073,421010073002,2,3,35,-75.22289737804203,39.942637893325184,-75.22285382052974,39.94264684436061
1443,0074,421010074008,1,3,48,-75.2171857536249,39.9408784688708,-75.2140519822815,39.94160070437665
3063,0078,421010078004,1,5,46,-75.21778805668751,39.94798268997196,-75.21718343006765,39.948085040974355
3190,0074,421010074006,1,2,40,-75.21927215598062,39.93942762254587,-75.21618161316083,39.93886952942454
174,0070,421010070001,1,4,55,-75.22000824133443,39.93701397333686,-75.2192640512374,39.93760731139162
3096,0072,421010072002,1,3,27,-75.23045329409484,39.94429810134319,-75.22880015350411,39.94457933209391
681,0072,421010072001,2,2,46,-75.22831229192727,39.9462993919789,-75.23209087451893,39.94672153116191
785,0078,421010078004,1,5,43,-75.21918887183392,39.94689502684151,-75.21983531767631,39.94699029703921
1455,0074,421010074006,1,2,40,-75.21848691992969,39.93986219050616,-75.21808028919598,39.94036223965335
824,0071,421010071007,1,2,34,-75.22343715783373,39.941273427704495,-75.22544082558836,39.94160069341865
2530,0071,421010071007,1,2,49,-75.2274642264164,39.9442208800433,-75.22532492694901,39.942879444193736
1701,0071,421010071001,1,2,68,-75.22327318707751,39.940516698709075,-75.22389869538388,39.93849167352048
1526,0069,421010069001,1,3,54,-75.215272619612,39.932420339568374,-75.21096655613525,39.93393481011973
1669,0072,421010072001,2,4,59,-75.23179642583817,39.946555382199456,-75.22921793568665,39.946694231897936
2109,0072,421010072001,1,4,48,-75.22850717214006,39.94638849238989,-75.22956176478544,39.94625695784411
1409,0072,421010072002,1,3,57,-75.22881177139979,39.94492419202903,-75.22719000736129,39.9449476551112
2424,0071,421010071008,2,5,45,-75.22581301597343,39.940443841120754,-75.22566476843879,39.94086785181496
1567,0074,421010074008,1,3,42,-75.21616487023972,39.9399313183891,-75.21503099205623,39.93996849105349
2625,0070,421010070001,1,4,38,-75.21879844784006,39.937619513396506,-75.22078658390339,39.93846673126059
1357,0073,421010073001,1,2,67,-75.21889811754299,39.94341474070406,-75.2193662378927,39.94292092398533
2327,0073,421010073002,1,3,22,-75.22221830915929,39.9411716297171,-75.22179704620338,39.94210246026774
2987,0078,421010078004,1,5,51,-75.21713515026505,39.94554395790995,-75.2184192609713,39.94765023898179
185,0074,421010074006,1,2,42,-75.21687610109012,39.93889013147859,-75.21828296826799,39.9399957205524
1953,0071,421010071004,1,1,47,-75.22719853532837,39.93841462237579,-75.22894795424007,39.93805146602885
1991,0072,421010072006,1,1,54,-75.2351150558265,39.94422458784985,-75.23636139810777,39.943754578859874
3301,0078,421010078004,1,5,53,-75.2187995582095,39.94690132477292,-75.21797930086574,39.945686303238624
383,0072,421010072006,1,1,35,-75.23370508014767,39.94688808825071,-75.23739502831278,39.94364150229968
2291,0078,421010078004,1,5,31,-75.21729649576618,39.947501490345324,-75.21737804852405,39.94828659758735
2198,0072,421010072006,1,5,45,-75.2352063794007,39.94413920612667,-75.23879019798517,39.94528466129527
2945,0069,421010069001,1,1,44,-75.21315030358741,39.92870153939825,-75.20880190733767,39.93121885692289
209,0071,421010071004,1,1,47,-75.23052528776198,39.93837818664685,-75.2298674054542,39.937587111974125
2995,0071,421010071004,1,1,75,-75.23082561207757,39.93784390919787,-75.22847626198447,39.937642966842745
834,0070,421010070006,1,1,43,-75.22094215776188,39.93684451335924,-75.22209318593835,39.9379014944732
227,0073,421010073002,1,2,39,-75.22274362820862,39.942068108231865,-75.22000449898532,39.94153354810183
948,0070,421010070004,1,2,61,-75.22292186430427,39.93401568099276,-75.2226481911063,39.934862947329755
3239,0070,421010070001,1,3,70,-75.22004373220835,39.93822651630838,-75.21962926402652,39.9385723571638
2606,0074,421010074008,1,3,46,-75.21432168587087,39.941843462037404,-75.21641839007934,39.94064683815948
2490,0071,421010071007,2,2,33,-75.22528894382093,39.94207163049638,-75.22491425688726,39.94141306240142
3147,0070,421010070004,1,2,52,-75.22224539567326,39.93372939458701,-75.22322791145884,39.933775278389106
3189,0071,421010071004,2,4,52,-75.22839986100708,39.93760044288039,-75.22934602811165,39.93716420008781
1442,0071,421010071007,1,2,49,-75.2250801915007,39.94184729698375,-75.22342826018155,39.94142628281742
3406,0074,421010074006,1,2,56,-75.21654635257562,39.939514760437774,-75.21655237616194,39.93877264328729
3098,0072,421010072006,1,1,31,-75.23659900477902,39.9444269150051,-75.23456051795087,39.944142561049794
3421,0070,421010070001,1,4,54,-75.22018857245597,39.93808858884063,-75.21845214529155,39.937407522150075
3016,0071,421010071004,1,4,36,-75.23045038161416,39.93815263210589,-75.22831089607519,39.93896420975111
942,0070,421010070004,1,2,66,-75.22362230124916,39.93535673857958,-75.22444968971023,39.935110531726295
2148,0071,421010071007,1,2,35,-75.22676106601035,39.94418385888893,-75.226174593859,39.943919579966426
2308,0070,421010070001,1,3,19,-75.21984157066798,39.937249276174704,-75.21944133403647,39.93682406280841
3353,0078,421010078005,1,3,24,-75.2121683361577,39.947013062890086,-75.2155714079873,39.94844399380559
130,0070,421010070004,1,2,58,-75.22307368490816,39.93330204303544,-75.22386915533448,39.93540224641725
358,0074,421010074005,1,1,58,-75.21697759772371,39.93784271691719,-75.2163765204614,39.936434771193575
1466,0074,421010074002,1,5,40,-75.21200586330279,39.94228611492429,-75.21116926455453,39.94293232726602
814,0078,421010078005,2,3,29,-75.2151841791102,39.94775264201863,-75.21296731796429,39.947878737352546
173,0074,421010074002,1,4,26,-75.21274481010543,39.94377082320211,-75.21292552531594,39.94431479870477
1472,0071,421010071004,1,4,51,-75.22835435775532,39.93782455976312,-75.22901046749584,39.93907198834001
116,0074,421010074006,1,2,48,-75.21894981938728,39.939647222535214,-75.21774028444457,39.94052419590718
787,0071,421010071002,1,3,57,-75.22561688614583,39.93795759220612,-75.22650334521633,39.93859722955666
2036,0074,421010074007,1,2,65,-75.21885254415369,39.94154729038573,-75.21605678575666,39.94227521577564
1422,0070,421010070006,1,1,26,-75.22059699407455,39.9359076896967,-75.22383072800146,39.936531617368615
198,0071,421010071007,1,2,64,-75.22628010560857,39.942806307426316,-75.22653026132745,39.94376603658986
1426,0071,421010071001,1,3,69,-75.22463211050388,39.93980833482899,-75.22259223125812,39.940331520157
3220,0069,421010069001,1,3,47,-75.21120383455595,39.93363696319672,-75.21591006955526,39.93055866559375
2376,0078,421010078001,1,1,48,-75.21220127689658,39.94562117398333,-75.2141188541485,39.944957860957686
1531,0071,421010071007,1,2,46,-75.22599430209101,39.94277416837919,-75.2250106605097,39.94280655498838
2261,0078,421010078005,2,3,32,-75.21232950140558,39.9484079426069,-75.21551766914511,39.948376787113915
2022,0074,421010074008,2,3,35,-75.21660961030022,39.94049376710089,-75.21451849055273,39.941233705035685
3150,0073,421010073002,1,3,27,-75.22066049603113,39.94186925995513,-75.223432848881,39.94408646578573
1413,0073,421010073002,1,2,52,-75.22078926151606,39.941148218949095,-75.22226797818882,39.94129896775793
2325,0070,421010070004,1,2,54,-75.22396977951537,39.93616246376545,-75.2235528960732,39.93371900006927
13,0074,421010074008,2,3,50,-75.21618388585019,39.940842673709184,-75.21380435775532,39.93975824917963
2199,0073,421010073002,1,4,52,-75.22238180741412,39.94176463042612,-75.22076168534049,39.94102131004742
2077,0078,421010078005,1,3,50,-75.21373577221347,39.94578874118742,-75.2119356481685,39.948195888440985
32,0078,421010078003,1,2,61,-75.22169853838324,39.947810469564644,-75.21952245186604,39.94605117797298
3012,0071,421010071002,1,3,60,-75.2261225629416,39.93654698798795,-75.22700739170679,39.93764897548764
1543,0071,421010071007,2,2,60,-75.22579984560225,39.942137477487144,-75.22414443024017,39.940919901557905
1549,0074,421010074008,1,3,39,-75.21364042142623,39.94158315617889,-75.2133280275565,39.94100621947361
1605,0070,421010070004,1,2,57,-75.22484744557056,39.9357283664174,-75.22375591036324,39.93566358748303
244,0078,421010078001,1,4,25,-75.21302561821999,39.94592509879585,-75.21060818025458,39.946031055731396
743,0070,421010070001,1,3,48,-75.21903353778981,39.937168073614714,-75.2212045480449,39.937618131686804
1479,0071,421010071002,2,3,53,-75.22412580381976,39.938190561944694,-75.22574572246667,39.93861425151312
319,0071,421010071007,1,2,58,-75.22621096060928,39.942963720923046,-75.22684817829135,39.943867805877744
1795,0074,421010074008,2,3,51,-75.21453393722011,39.941061478905986,-75.21668997489702,39.940681849104564
2900,0072,421010072001,1,4,32,-75.23178015428454,39.94619837164015,-75.23283730621426,39.94587814823313
1641,0078,421010078004,2,5,42,-75.21599781300431,39.94614817680287,-75.21760471831013,39.94536173513913
97,0069,421010069001,1,3,54,-75.20859500658379,39.9343118819132,-75.20782933947271,39.93269420526702
2917,0070,421010070004,1,2,60,-75.22536370404214,39.93524961950095,-75.22426936894499,39.93575099681122
3479,0071,421010071002,1,3,42,-75.2239316305894,39.93769916004438,-75.22305635696003,39.93757429437433
321,0070,421010070004,1,2,60,-75.22420169335979,39.93432752434868,-75.22324873338455,39.93511045685409
1686,0070,421010070005,1,4,73,-75.22074245235338,39.93446425539377,-75.22138526576848,39.934675057080234
2910,0072,421010072006,1,5,42,-75.23727642573056,39.94473013423043,-75.23801737529266,39.94438502214665
2860,0071,421010071007,1,2,55,-75.22392974379771,39.9413982083851,-75.22606699334517,39.94417850872524
2053,0074,421010074005,1,1,46,-75.21240322857705,39.93851669492275,-75.21457261088239,39.936371988868046
3097,0070,421010070004,1,2,48,-75.22284689359309,39.93359103894482,-75.22358544418958,39.93438316896289
950,0078,421010078005,2,3,52,-75.21617673605499,39.94807894373199,-75.21430367144728,39.94832350842653
2611,0069,421010069002,2,1,66,-75.21768932669917,39.931247182439044,-75.21745627556545,39.92851394562618
2569,0078,421010078001,1,1,65,-75.2142644906791,39.945123757684826,-75.21216021657752,39.94522244681761
1411,0071,421010071001,1,3,70,-75.22499664900474,39.939289391891236,-75.22255689890628,39.940784380935014
1369,0072,421010072006,1,1,63,-75.23701258402922,39.944773403092626,-75.23493380360405,39.94392032453572
349,0069,421010069002,1,2,73,-75.21716808942462,39.93106920236542,-75.21632483340512,39.927274779412194
3158,0071,421010071002,1,3,57,-75.22697680646935,39.937554474170305,-75.22497607410547,39.93757045249203
2944,0071,421010071002,1,3,32,-75.22588654751853,39.93713689520018,-75.22346947735417,39.93763184870645
2355,0070,421010070004,1,2,54,-75.22414066594683,39.93594328420927,-75.2247312496715,39.93492055641291
1917,0071,421010071004,1,4,46,-75.22831872177443,39.939632559735735,-75.22910652599126,39.93831283165761
1457,0070,421010070006,1,1,49,-75.22278496530515,39.9364660407779,-75.22102194468795,39.93714656247961
2121,0069,421010069001,1,1,56,-75.21202903124356,39.92722123642303,-75.21562441043002,39.93289674951873
1535,0073,421010073002,2,3,30,-75.22087585737445,39.94114488960919,-75.22419449470178,39.942914028764115
2462,0072,421010072001,2,2,18,-75.22945386523277,39.94601864105029,-75.22998558256307,39.946925540642034
216,0073,421010073002,1,2,38,-75.222716332579,39.9422240882192,-75.2227473041965,39.94252288467015
2477,0073,421010073005,1,1,45,-75.22368854422707,39.945667745595486,-75.22294109263355,39.94429140692325
1539,0078,421010078004,1,5,29,-75.21683398192339,39.94655893421338,-75.2179192909496,39.94757871614954
1476,0070,421010070001,1,3,61,-75.21945807087756,39.93810081475187,-75.21885146246397,39.93745014986132
532,0070,421010070004,1,2,63,-75.22382631118393,39.936087891258715,-75.22476335331409,39.93518655281256
2380,0071,421010071007,1,2,50,-75.22645991369023,39.943710716313184,-75.22414931369934,39.942036719251405
3152,0078,421010078003,2,2,40,-75.2181989870275,39.94542122578313,-75.21935727746543,39.94503836547395
3665,0069,421010069001,1,3,63,-75.21409572193595,39.92791925361395,-75.20911988883026,39.93210237955287
3181,0073,421010073002,1,3,36,-75.22386001328654,39.94327152196191,-75.22143860733213,39.94080858905238
892,0078,421010078003,1,2,57,-75.2208632956251,39.94776805098324,-75.21988203832369,39.94504899545498
890,0074,421010074008,2,1,48,-75.21531640021875,39.941093036834374,-75.21400622574924,39.94190953483346
2267,0078,421010078004,2,5,56,-75.21580826198105,39.94645355603221,-75.21682933251549,39.94710690501827
360,0078,421010078005,2,1,63,-75.21294460766156,39.94823785985578,-75.21197044877661,39.94735537176508
2246,0078,421010078003,2,2,41,-75.22089463560704,39.94666684237874,-75.21928604701948,39.945159872519476
3047,0072,421010072007,1,2,31,-75.23329505491675,39.94424603409889,-75.23279115133857,39.943709347574945
1628,0071,421010071007,2,2,41,-75.2247647272657,39.942671872622604,-75.2228200009844,39.94157137583583
2620,0071,421010071004,1,4,33,-75.22834403476637,39.93898882890528,-75.2288432693891,39.93812837476263
2086,0073,421010073002,1,3,35,-75.22424042244548,39.94316530686654,-75.22318200277965,39.943955434225614
1374,0074,421010074005,1,1,38,-75.2155931689119,39.93715268302567,-75.21725174978606,39.93805564359474
2958,0074,421010074008,1,3,78,-75.21440941318399,39.94139947441663,-75.21521823058033,39.941770926711285
2055,0073,421010073005,1,1,46,-75.22170003305462,39.944532574621846,-75.2226280156365,39.94377615298406
2234,0074,421010074008,1,1,77,-75.21619791435133,39.94162551319164,-75.21489371293927,39.94036085797884
1937,0070,421010070003,2,1,60,-75.22419207909265,39.933244086007164,-75.22245183240587,39.93195388991903
3254,0073,421010073002,1,4,39,-75.22148716730558,39.94107131784887,-75.22007687316676,39.94144044892213
2979,0072,421010072001,1,4,50,-75.23008242400017,39.94509571043733,-75.23301431422428,39.947051198288115
281,0077,421010077001,2,4,65,-75.20878967815949,39.94686024647946,-75.2089483352321,39.94897608525572
66,0073,421010073002,1,4,60,-75.22341167002443,39.94373790202715,-75.22431797238471,39.942987646112435
1528,0078,421010078001,1,4,27,-75.2150980365066,39.94417520266704,-75.2115700180304,39.94529515852128
2210,0070,421010070004,1,2,60,-75.22426816376002,39.93630009229524,-75.22209500076322,39.934513185597964
3273,0071,421010071007,1,2,57,-75.22360940583137,39.94201452281246,-75.22547908240311,39.94368501077395
818,0069,421010069001,1,2,52,-75.21573365859614,39.93195899271818,-75.21383466509896,39.930694513163346
2498,0070,421010070004,1,2,39,-75.22343322777508,39.93483150140762,-75.22318860800956,39.93541699825863
1522,0073,421010073001,1,2,75,-75.22131722740676,39.94371565462309,-75.2189449919947,39.94357440278167
677,0078,421010078001,1,4,56,-75.21118905286293,39.94575807865742,-75.21584999774205,39.943638553821444
1516,0078,421010078001,1,4,24,-75.211855179403,39.94716959283776,-75.2135074026621,39.94475303103188
1579,0078,421010078004,2,5,50,-75.21631433267156,39.94648991873245,-75.21943320792995,39.94822069815124
1946,0069,421010069001,1,2,29,-75.21085617312802,39.930949759665786,-75.21144600592139,39.929394365872184
2562,0070,421010070001,1,4,58,-75.21819498653932,39.93675708285137,-75.21866501952269,39.93632764652627
296,0078,421010078004,1,5,70,-75.21982370706753,39.948122044999025,-75.21908563869525,39.94646554827097
40,0073,421010073001,1,2,75,-75.22133736832622,39.9440336550142,-75.2195279559025,39.94326164475042
3044,0071,421010071007,1,2,56,-75.2228167724897,39.941389482847704,-75.22617550227837,39.94434885919604
2617,0070,421010070001,1,3,21,-75.21897620346954,39.936237187804984,-75.22025981309902,39.937328312672
3040,0069,421010069001,1,2,24,-75.21375372300695,39.92576010884802,-75.21254254032885,39.92756019758581
535,0071,421010071001,1,3,68,-75.2241557051025,39.93922622371374,-75.22274380532906,39.93790908120508
2968,0072,421010072002,1,3,44,-75.2296220569412,39.94460213363436,-75.22874167274335,39.945187312651605
2985,0071,421010071007,1,2,22,-75.22756511785393,39.94413685403819,-75.2250960739432,39.94226099025379
3614,0071,421010071002,1,3,37,-75.22399961818186,39.93784919608485,-75.22597467428773,39.93730763586979
2949,0071,421010071004,2,1,37,-75.22892137445207,39.93845209073664,-75.23081343824653,39.93827611077631
239,0078,421010078001,2,1,68,-75.2116863959447,39.94532402528498,-75.2162701454701,39.943914345620406
2491,0078,421010078005,2,3,25,-75.21165403845306,39.94746998216801,-75.21381308329426,39.94781859907597
703,0077,421010077001,1,5,39,-75.2083761159175,39.94841055724093,-75.20793337647102,39.94573933016877
2450,0074,421010074008,1,3,67,-75.21552792803445,39.94062847725068,-75.21328540033794,39.940596924159884
2975,0072,421010072002,1,3,40,-75.22925410485122,39.94479469085403,-75.23035041504562,39.94441722480851
2081,0070,421010070001,1,3,47,-75.22135441119659,39.93838942884464,-75.218022540224,39.937588029110614
2700,0072,421010072007,1,2,53,-75.23295159741122,39.94434269721038,-75.2315141366404,39.944209225023705
129,0070,421010070004,1,2,53,-75.22273985814199,39.93521172077391,-75.22515289022272,39.93507477103787
1483,0078,421010078003,1,2,18,-75.21923651615145,39.944942775114136,-75.22124081816933,39.94704343910442
3552,0070,421010070001,1,3,72,-75.22064014868587,39.9378153680153,-75.21982020613967,39.93665633372168
172,0070,421010070001,1,3,57,-75.22183140629896,39.938146003655795,-75.22090762695352,39.93842597945546
3366,0071,421010071008,2,5,34,-75.22516473503912,39.941178285047975,-75.22450423634615,39.940337507008856
330,0070,421010070001,1,4,49,-75.21829711453775,39.937950413891045,-75.22196566463123,39.93803387822205
701,0078,421010078005,1,3,21,-75.21415007820285,39.9461873095223,-75.21230356380312,39.94805316462634
1663,0071,421010071002,1,3,36,-75.2260918796037,39.93831309836858,-75.22289882971667,39.93757900318849
1542,0070,421010070004,1,2,57,-75.22213862182073,39.934231990946394,-75.2240177239282,39.93559287173621
1674,0069,421010069001,1,3,46,-75.21461414472445,39.92945381113679,-75.21469946455082,39.92657179259552
3599,0071,421010071004,1,1,46,-75.23045660731073,39.93748248458026,-75.22776928790715,39.938957319400934
2494,0073,421010073002,1,2,40,-75.22232237475052,39.9414970866003,-75.22071003971543,39.94191465547912
18,0071,421010071007,1,2,62,-75.22774172125163,39.94367135254531,-75.22493060788894,39.942527091733936
50,0071,421010071008,1,4,68,-75.22674847679846,39.94120728379578,-75.22694430475474,39.940472094452474
3272,0073,421010073002,1,5,47,-75.22366810739216,39.94390652561414,-75.22196378187735,39.94285276979911
1511,0070,421010070001,1,3,42,-75.22201422817184,39.93816121688334,-75.21962051832153,39.937763576666406
1972,0071,421010071004,1,4,62,-75.22859416085946,39.93788711289707,-75.23087057778581,39.93779951300621
83,0071,421010071001,1,3,76,-75.222816010671,39.94013247480125,-75.22186107768387,39.93954403105688
3126,0071,421010071007,1,2,30,-75.2267346774651,39.94317702037721,-75.22770769811815,39.944159675618366
1932,0069,421010069001,1,1,29,-75.20860417063909,39.93398807188271,-75.21172470934711,39.93113699998085
339,0072,421010072006,1,1,66,-75.2365938252895,39.943874102553515,-75.23639643369211,39.944177003395005
764,0071,421010071001,1,3,66,-75.22284994042506,39.938692037301,-75.22273621700627,39.939132402096156
52,0070,421010070001,2,3,43,-75.22087619911947,39.93857944490355,-75.21889616572427,39.93775306474727
2257,0071,421010071002,1,3,47,-75.22513350871094,39.93580376014158,-75.22677152182024,39.937741528786496
2584,0072,421010072001,2,2,32,-75.2294803718955,39.94712530760159,-75.23064377386625,39.946653455888445
1670,0070,421010070001,1,4,60,-75.2213181722775,39.93755102321552,-75.21973878695103,39.93748756630248
3226,0070,421010070001,2,3,34,-75.21877107581757,39.936222138500995,-75.2188722521935,39.93759600147719
1562,0074,421010074006,1,2,50,-75.21767801270364,39.93947975346324,-75.21838601925573,39.93874412413133
2545,0071,421010071001,1,2,65,-75.22217141671435,39.93850848831903,-75.22119351933067,39.93957628178445
2589,0073,421010073002,1,4,36,-75.22345211959971,39.94367279769255,-75.22424839728829,39.943158597042014
3282,0070,421010070001,2,3,50,-75.21819470033863,39.937891003220436,-75.2190597984608,39.938080321244364
1902,0071,421010071004,1,1,72,-75.2302683038873,39.93910258620896,-75.22754878341267,39.9384706961278
1450,0074,421010074008,1,3,55,-75.21523983140962,39.94074982877709,-75.21303417149034,39.940831646516465
118,0078,421010078004,2,4,46,-75.21677646821261,39.9481214869159,-75.21931031103635,39.94690683642589
2324,0072,421010072002,2,2,65,-75.22789829615755,39.94427786766652,-75.22799757911099,39.94407576093419
1518,0069,421010069001,1,2,53,-75.21433192133543,39.92927411387576,-75.21232577739508,39.92706638166736
3154,0070,421010070001,1,3,60,-75.2203743020279,39.938724269743,-75.21988517944904,39.938058867289726
909,0071,421010071002,1,3,51,-75.22578806186674,39.93714130316206,-75.22493162107308,39.93756716491224
777,0070,421010070001,2,3,41,-75.21803248459287,39.937066352852874,-75.21976417638558,39.93726336180249
3464,0070,421010070004,1,2,57,-75.22229782201208,39.934272099862106,-75.22321034049801,39.934148109302924
1664,0078,421010078004,2,5,36,-75.21690248941246,39.947814965620125,-75.21747222410802,39.94788571287181
1945,0071,421010071001,1,3,75,-75.22320105696399,39.940418922976775,-75.22258574840795,39.94067088758659
84,0072,421010072007,1,2,50,-75.23107210073354,39.944871916948536,-75.23103861632086,39.94442549894632
3057,0078,421010078001,1,4,48,-75.21151351395402,39.94710926666826,-75.21236396847821,39.94540112883655
2999,0074,421010074002,2,5,26,-75.2134357700032,39.942013674413616,-75.21278617848164,39.94289948967747
1550,0074,421010074002,1,4,43,-75.21254647074088,39.94162305127813,-75.21220491455911,39.94385372128904
3078,0073,421010073002,2,3,49,-75.22425940843563,39.94328964040143,-75.22303146217376,39.94198111514509
3235,0078,421010078004,2,5,49,-75.2153929337542,39.94685974077597,-75.21589099728996,39.94748649391124
766,0072,421010072007,1,2,63,-75.23422361986799,39.943394992165,-75.23134816023386,39.94524130056374
717,0072,421010072007,1,2,42,-75.23283480142918,39.94279393167332,-75.23410373072865,39.94260450760156
1905,0070,421010070001,1,3,45,-75.2184957828662,39.93759291041112,-75.22064615043679,39.93811111866661
2238,0071,421010071002,1,3,59,-75.22648853025309,39.93784272440528,-75.22479269688696,39.938708365059234
1560,0078,421010078004,1,5,35,-75.2176937284061,39.94524584156751,-75.21569390682549,39.94708919647053
278,0078,421010078004,2,4,26,-75.21790181692016,39.94702306975959,-75.21876015648039,39.947857013511104
1716,0073,421010073001,2,1,67,-75.21864368129927,39.94333934905194,-75.22248047690007,39.94343150388833
3198,0070,421010070004,1,2,51,-75.2227605593929,39.93344897454604,-75.22380910439063,39.935371971845804
1420,0069,421010069001,1,3,46,-75.2084536471123,39.933045024188665,-75.20827054973198,39.93328202824223
289,0069,421010069001,1,3,28,-75.21055030543286,39.93065131943489,-75.21394671254242,39.92600738623927
27,0074,421010074007,1,2,83,-75.21924104300918,39.94093276932188,-75.22087120222096,39.94067595476886
1827,0071,421010071004,1,1,81,-75.22946955922745,39.93746637473478,-75.22759460544506,39.93831821915801
3173,0078,421010078005,1,3,50,-75.21241768464574,39.94750042091003,-75.21670492089322,39.94841377586232
2458,0074,421010074007,1,2,70,-75.22012660784273,39.94089362324279,-75.21680607432239,39.94238610254114
3531,0074,421010074005,1,1,60,-75.21572157918276,39.93594477994699,-75.21658818176185,39.93717962636765
3557,0072,421010072002,1,3,18,-75.22989536979601,39.94383066384836,-75.22778890411256,39.94419801528055
2117,0069,421010069001,1,3,57,-75.21203777365442,39.930321273589776,-75.21200788998964,39.92774042488019
2307,0070,421010070001,2,3,33,-75.21891537484626,39.937416729470776,-75.21868030991862,39.93639719537766
1424,0071,421010071004,2,4,54,-75.22991749602673,39.93763262160166,-75.22957792935485,39.93764261335162
712,0069,421010069001,1,3,23,-75.21173019543518,39.926936449047986,-75.20934139611238,39.93124431930889
59,0077,421010077001,2,4,25,-75.20777719652743,39.946383837066236,-75.20841260568557,39.94847842749791
1449,0071,421010071004,1,1,55,-75.2290021612277,39.93921128578134,-75.22859916100893,39.938242522114344
2170,0070,421010070001,1,3,59,-75.22030146956489,39.937977530610354,-75.21975415375589,39.93672970366869
2297,0073,421010073002,1,2,33,-75.22224028166822,39.942772623632685,-75.22116594217637,39.94230461355561
1580,0074,421010074008,1,3,25,-75.21635136302918,39.94158056490568,-75.2161479504441,39.941033060231675
162,0071,421010071002,2,3,36,-75.22557877916684,39.93754230178641,-75.22516411392128,39.93886675614907
3191,0071,421010071002,2,3,34,-75.22490139279415,39.938419361320726,-75.2238636177135,39.93784627489198
160,0071,421010071007,1,2,32,-75.2232432793923,39.9415220933436,-75.22729565071901,39.94429229557621
3247,0074,421010074008,2,2,67,-75.21471113712886,39.94041908667879,-75.21404616207151,39.94075536603749
2831,0078,421010078004,2,4,48,-75.21519070541521,39.94677842008381,-75.21628804721209,39.94737662141266
202,0070,421010070006,1,1,68,-75.21993089215452,39.93600576788752,-75.22125219519643,39.93693110607276
3192,0072,421010072007,1,2,49,-75.23168425085373,39.943551110670256,-75.23289997422205,39.94377613164113
1880,0078,421010078001,1,4,52,-75.21486747940968,39.94457601653224,-75.21263922632448,39.946096942718
3296,0078,421010078004,2,5,29,-75.21698403370374,39.94689462568122,-75.21901424118225,39.94641789727096
3083,0074,421010074005,1,1,33,-75.21313499249312,39.937205769597334,-75.21547401472374,39.93631906908047
2389,0071,421010071007,1,2,53,-75.2227717677908,39.941600233447836,-75.22775077895542,39.943747141277555
2528,0070,421010070004,1,2,19,-75.22308638676562,39.934570810358814,-75.22283063178708,39.93378617543088
164,0070,421010070001,1,3,30,-75.21871253079959,39.93787018867344,-75.21902198201711,39.936256842427504
1396,0078,421010078005,2,3,29,-75.2146757832879,39.9476947916022,-75.21343437508227,39.948290113866804
2409,0078,421010078001,1,1,75,-75.21543903076399,39.9432807098241,-75.21421071154295,39.94484779361671
2017,0077,421010077002,2,1,53,-75.20734034336213,39.94440603874009,-75.2063309364115,39.945252609441226
2260,0074,421010074007,1,2,69,-75.21911311353941,39.940596873194885,-75.21910663827705,39.94163262948062
1315,0069,421010069001,1,1,56,-75.209896932724,39.93300408729509,-75.21554706697975,39.932367650902655
1406,0072,421010072007,1,2,77,-75.23458327524604,39.94318269784132,-75.23210276815799,39.943240423253634
201,0074,421010074002,1,4,44,-75.21248470532639,39.94375165682175,-75.21477350503801,39.94301141826054
3100,0070,421010070004,1,2,70,-75.22198673987728,39.93419527634847,-75.22341276965895,39.93529210407777
808,0072,421010072002,2,5,64,-75.22765069666526,39.944746964038615,-75.22839348387659,39.94487329300601
2457,0071,421010071004,1,4,42,-75.22940544125748,39.939941778282396,-75.22941782048566,39.93880992572668
252,0069,421010069001,1,3,31,-75.21495172626332,39.928219651115626,-75.21356876037488,39.92861793716988
2756,0072,421010072007,1,3,68,-75.2318254587502,39.94451341311577,-75.23233248105073,39.94511345898538
2560,0077,421010077001,2,4,33,-75.21237770448857,39.94889019341033,-75.20816242096811,39.9458401205563
163,0071,421010071007,1,2,60,-75.22302276930448,39.941804380090026,-75.22408071165391,39.94096192264903
3344,0073,421010073002,2,3,41,-75.22309873775288,39.943296118261266,-75.2212553661408,39.94082051139282
3359,0073,421010073002,1,3,40,-75.22176532562527,39.94201119823341,-75.22342523079082,39.942610250878026
1433,0069,421010069001,1,2,42,-75.21254121140346,39.92560678888466,-75.20977129854403,39.93055207522929
1618,0073,421010073002,2,4,30,-75.22173131671053,39.94115234242377,-75.22227731505446,39.941468511231285
754,0073,421010073002,1,4,46,-75.22231157311955,39.94175282152219,-75.22147395233648,39.9412528416166
3135,0078,421010078004,1,5,24,-75.21910897296674,39.94721709050017,-75.21970157139202,39.947804176655985
553,0073,421010073001,2,3,66,-75.21813697046147,39.94352400560862,-75.21967586229046,39.94230340253965
109,0071,421010071004,1,4,39,-75.2291487264257,39.93921037386502,-75.22903946802317,39.93941725423599
3121,0074,421010074006,2,2,48,-75.21666100021152,39.93863679666576,-75.21671534917556,39.940128500069406
192,0070,421010070004,1,2,26,-75.22329855530515,39.93371041111489,-75.2224277814894,39.934853196420356
2309,0077,421010077001,1,5,69,-75.20810226668446,39.94703921755118,-75.20804190435362,39.948710617588766
2604,0070,421010070004,1,2,88,-75.2252394218655,39.93502109237883,-75.22452410190348,39.935267531182326
770,0069,421010069001,1,1,55,-75.2155980726196,39.93210255214869,-75.21173935558816,39.926999323249646
2463,0070,421010070001,1,3,28,-75.21963810299353,39.93747256297722,-75.21862363527124,39.937594056304086
1724,0069,421010069001,1,1,19,-75.2093101901252,39.93369087105838,-75.21423377616958,39.93172481654695
730,0071,421010071002,1,3,54,-75.2235399321838,39.93726245083661,-75.2265596539583,39.937632587922025
334,0070,421010070003,2,1,63,-75.22468109748246,39.93433358236475,-75.22568794910735,39.93387535294839
2114,0071,421010071001,1,2,71,-75.22379790086606,39.9389647218619,-75.22416660872253,39.93983125975471
1822,0074,421010074006,2,2,27,-75.21748060678345,39.94028435529257,-75.21657920830089,39.938867518788314
76,0069,421010069001,1,2,50,-75.20986937934062,39.931214741440385,-75.21468864151429,39.92680000363023
1938,0073,421010073001,1,2,68,-75.21744971455767,39.94335888143472,-75.22119340553259,39.942450179974344
2862,0074,421010074006,1,2,63,-75.21909054630943,39.93999850233701,-75.21675975911349,39.93927434145026
3243,0070,421010070004,1,2,39,-75.22528758339548,39.93531125233455,-75.22333669326947,39.93533800848789
194,0072,421010072007,1,3,68,-75.23430491994688,39.943043157014074,-75.23059623728452,39.94451003614676
3075,0077,421010077002,1,3,72,-75.20709160958312,39.942796757756966,-75.20635816729214,39.943393452588865
2471,0070,421010070004,1,2,74,-75.22407885278416,39.934551992985604,-75.2249979808628,39.935749274674635
41,0071,421010071002,1,3,41,-75.22459480555548,39.93665412012425,-75.22467324421712,39.936809925159984
1969,0078,421010078003,2,2,57,-75.21981115776371,39.945370318048504,-75.2195162649681,39.94659814394902
1644,0071,421010071001,1,2,69,-75.22100670228761,39.93880459054772,-75.22085472959218,39.93934719885878
2408,0070,421010070003,2,2,60,-75.2224793498926,39.931705638391406,-75.22192635529245,39.93200512996771
1500,0073,421010073002,2,2,40,-75.22220242325697,39.94269881102648,-75.22377908876148,39.94313386045096
3241,0070,421010070004,1,2,62,-75.22514042112405,39.93522527781548,-75.22395966130046,39.93465970594069
906,0071,421010071007,1,2,19,-75.2259294395045,39.942323541214755,-75.22654955852113,39.9425565854495
2303,0074,421010074008,2,1,42,-75.21590207651747,39.94034116515682,-75.21488506739134,39.941165151749736
900,0071,421010071007,1,2,52,-75.22521585479753,39.94178205334004,-75.22338502028934,39.94190302505389
702,0071,421010071002,1,3,55,-75.22475241573594,39.937594820429716,-75.22675090982221,39.937450825168234
2967,0069,421010069002,2,2,32,-75.21781198963014,39.931653408164536,-75.21691801483824,39.92795833839518
154,0072,421010072007,1,2,68,-75.2331285739071,39.94339856770006,-75.23231807520472,39.94473216412517
3090,0074,421010074008,1,3,69,-75.21346932728257,39.94151806167427,-75.21405970563126,39.940975567857684
673,0072,421010072002,1,3,48,-75.2291389844778,39.944625367025886,-75.22926209685659,39.9435077115329
1823,0070,421010070001,2,3,24,-75.22035632471443,39.93798770576875,-75.21954427513982,39.93805784598595
250,0078,421010078004,1,5,41,-75.21735587748827,39.94634084323171,-75.21747044440286,39.94841506823782
3024,0071,421010071004,1,4,57,-75.23028993876716,39.93830128153589,-75.22860526007703,39.938658756490305
3059,0071,421010071007,2,2,63,-75.22393609981732,39.94093092629794,-75.22682105179116,39.94409765543229
2921,0069,421010069001,1,3,31,-75.2124079733656,39.93213176816201,-75.2154371553732,39.92630272349337
792,0072,421010072002,2,3,49,-75.22930032212356,39.945043093807655,-75.22897845942815,39.94354902400414
1489,0073,421010073002,1,3,63,-75.22077923665414,39.94177229648269,-75.22196886573835,39.941917140065804
2052,0070,421010070003,2,2,27,-75.21848326575466,39.93413806726285,-75.22133989442278,39.93308191360919
3405,0071,421010071002,1,3,25,-75.22476517966714,39.939000434645806,-75.22501261404754,39.93762137841771
2511,0078,421010078001,1,4,51,-75.21252658721443,39.94478192020893,-75.21331125933756,39.94498837284955
2273,0071,421010071007,1,2,39,-75.22384279944102,39.94218986397353,-75.22337878300999,39.941933224929535
2863,0078,421010078004,2,5,48,-75.2175944266619,39.94659161655669,-75.216420518431,39.94653228284795
2181,0072,421010072006,1,1,58,-75.2371975789209,39.94358642847543,-75.2369521426573,39.943493813019444
2196,0074,421010074007,1,2,85,-75.21792340636044,39.94218335031434,-75.21600358575176,39.94297493147162
2192,0078,421010078001,1,1,64,-75.21031410024587,39.946112363376145,-75.21387004771745,39.944881487865544
3324,0071,421010071001,1,2,67,-75.22452229862543,39.93953349636904,-75.22346776399814,39.94046052589431
536,0073,421010073002,2,2,39,-75.22321528927488,39.94216220714088,-75.22121783181437,39.94092199881657
133,0074,421010074008,1,1,79,-75.2154585437833,39.942340578384965,-75.21345976773853,39.94016344932544
1725,0069,421010069001,1,2,46,-75.20876001699891,39.93407418997197,-75.21036562447509,39.931250614707096
806,0070,421010070004,1,2,56,-75.22246523758254,39.93429869773625,-75.22434092570887,39.93490196499274
2365,0070,421010070004,1,2,70,-75.22171924588244,39.93405354497994,-75.22492005425248,39.93517377152614
2964,0074,421010074008,1,1,81,-75.21518694158351,39.93919291532331,-75.2147358098818,39.94093531277397
176,0074,421010074006,1,2,46,-75.21937424484864,39.93885032026461,-75.2178801248136,39.94043504026475
2661,0070,421010070001,1,3,78,-75.21878807273545,39.93827410573238,-75.21974302392643,39.938911383485035
1876,0069,421010069003,1,4,25,-75.21630354263664,39.93287751762547,-75.21616499805178,39.934381484394635
1352,0071,421010071001,1,2,66,-75.22251979406566,39.93792262045125,-75.22259744338812,39.940413977035874
2977,0069,421010069001,1,2,26,-75.21463142494821,39.931001810375854,-75.21009746478224,39.93205518989204
2870,0071,421010071004,1,4,29,-75.22946304082257,39.93843136586643,-75.2290784804321,39.94013417979302
2467,0071,421010071007,1,2,18,-75.2244483023626,39.94278766046298,-75.22561531021243,39.94357295439012
3222,0071,421010071002,2,3,51,-75.22597413048885,39.93646677170624,-75.22711185751193,39.93786485966736
1653,0078,421010078004,1,5,54,-75.21561211276325,39.94630060957762,-75.21797936588352,39.94733946930277
1478,0071,421010071002,1,3,24,-75.22471240468953,39.93818941958446,-75.2245997648626,39.93854915183881
1530,0070,421010070003,2,2,48,-75.22421744197834,39.93337340616572,-75.22241612717343,39.93080825364922
2516,0078,421010078004,2,4,39,-75.21722831162229,39.94693539013992,-75.22093870432381,39.948039791577365
1468,0074,421010074006,1,2,59,-75.21619378933451,39.9388941702294,-75.21793114714148,39.93974367905873
845,0071,421010071002,1,3,50,-75.22701633062455,39.93750559228273,-75.22402770266089,39.937820638982785
1971,0072,421010072002,2,1,65,-75.22741916822048,39.944809338525396,-75.22906289060136,39.944746102045244
2505,0078,421010078004,1,5,31,-75.21798991266215,39.94833049988307,-75.21655840985727,39.946324167886395
625,0077,421010077001,2,2,59,-75.20810937744976,39.94825020076393,-75.20904034147212,39.9467439929841
3212,0072,421010072001,2,4,75,-75.23075113390739,39.9459350381508,-75.22976511059382,39.94658990861394
75,0069,421010069003,1,4,40,-75.2177172574825,39.93389089052707,-75.21732005281015,39.933622063170475
1563,0078,421010078004,1,5,63,-75.21915755962252,39.946889728831714,-75.21830487766117,39.947696788454536
2912,0071,421010071002,1,3,31,-75.22529984200398,39.93913091502816,-75.22528480143572,39.935918459608196
2082,0071,421010071007,1,2,56,-75.22642488209944,39.94295045481783,-75.22733889278513,39.94410457985586
3627,0070,421010070001,1,3,35,-75.22060695522346,39.93787893766809,-75.22050701499282,39.93799855175852
3070,0078,421010078004,2,5,39,-75.21657363515556,39.94805070303283,-75.21835178310175,39.946364272032845
1570,0078,421010078004,2,4,41,-75.21689311129094,39.94776904250055,-75.21591256710427,39.94619019252859
2842,0078,421010078003,1,2,59,-75.21923526738773,39.94608742484111,-75.21980562947861,39.94551033577523
2954,0069,421010069001,1,1,24,-75.215995592627,39.93022948023508,-75.2116224269698,39.92826880994943
1610,0071,421010071002,1,3,22,-75.22540934799258,39.93873818225003,-75.22464843804939,39.936905826280395
1548,0071,421010071002,1,3,64,-75.2249646145899,39.937248717140534,-75.2242443094386,39.93707319106489
3628,0071,421010071007,1,2,61,-75.22510702685237,39.94274744925626,-75.22434487001799,39.940837279234586
2454,0071,421010071002,1,3,32,-75.22323900023933,39.93765575972118,-75.22352029683925,39.937969754985524
757,0071,421010071002,1,3,59,-75.22421200482074,39.93766252827447,-75.22511035151095,39.938937074014326
2857,0073,421010073005,1,1,64,-75.22399775330149,39.94516845496587,-75.21974955608758,39.94406523911339
2138,0070,421010070001,1,3,54,-75.21796375544635,39.936978827876935,-75.22020054521435,39.93832741702624
3004,0072,421010072001,1,4,48,-75.23197408180981,39.94565738986237,-75.23211496343336,39.947397664139466
3204,0070,421010070001,2,3,60,-75.21900247735365,39.937943234045164,-75.22031117495541,39.93886285527416
311,0071,421010071007,1,2,28,-75.22575248807193,39.94275017912408,-75.22627034758989,39.94352562837432
3336,0074,421010074002,2,4,52,-75.21199933725862,39.94114413365066,-75.21167889562747,39.94176549159998
226,0069,421010069001,1,3,40,-75.21678695345668,39.92860252864149,-75.21561331756978,39.93088350432606
3056,0077,421010077001,2,3,57,-75.20630471893118,39.94703100504542,-75.2069341612734,39.94896375983606
733,0072,421010072001,2,2,45,-75.23043757491534,39.9456532915841,-75.2300867045212,39.946237925015424
87,0070,421010070004,1,2,45,-75.22402016715034,39.93475661679684,-75.22472029229432,39.93585828894813
3072,0071,421010071004,1,4,42,-75.22944869486511,39.93925811648765,-75.22713691735052,39.93875390885109
2941,0078,421010078004,2,4,27,-75.21633364528152,39.946973672692536,-75.21521230359458,39.9466453007369
