TRACT,RESPNUM_,SEX,EDUCATION,AGE,Xcoord0,Ycoord0,Xcoord1,Ycoord1
42101007800,701,1,3,21,-75.22056916553619,39.94795275360626,-75.21106898209227,39.94705489201466
42101007100,2966,1,1,59,-75.2240382148623,39.93700398258475,-75.22298389624552,39.939314393136215
42101007000,330,1,4,49,-75.21837158611348,39.93498317436207,-75.21936399318778,39.934643739232804
42101006900,3040,1,2,24,-75.21609179453317,39.93392763819641,-75.21483294189952,39.934853201655066
42101007200,2975,1,3,40,-75.23255426907215,39.94174997971704,-75.2298227087004,39.94354746438881
42101007800,2851,1,4,40,-75.21881632800545,39.94826573762045,-75.21590153541686,39.947105051475155
42101007400,3190,1,2,40,-75.21660997962127,39.939395272185784,-75.21653842224862,39.938898395729474
42101007100,231,1,3,19,-75.22533078482861,39.93643705798091,-75.22722229056046,39.9381584504292
42101007000,1686,1,4,73,-75.22064367821498,39.93546493453082,-75.21963241665343,39.93393815561103
42101007300,152,1,2,54,-75.22144784919995,39.943722674454534,-75.21979492026448,39.94287458517948
42101007100,2148,1,2,35,-75.22329725259583,39.9404886721615,-75.22215056565065,39.9402489383393
42101007200,3391,1,3,45,-75.23299573589482,39.94107960594261,-75.23414126971258,39.9415785578421
42101007200,2073,2,3,47,-75.22948076960813,39.946083975619906,-75.22971096985506,39.94567042758515
42101007200,2324,2,2,65,-75.23468075620401,39.94497530579068,-75.2384362928132,39.94514429065044
42101007800,1579,2,5,50,-75.21432005355334,39.948382656661444,-75.21492342419553,39.94746470484007
42101006900,1518,1,2,53,-75.22175139514779,39.93077324138182,-75.22110252390726,39.929496930726785
42101007200,808,2,5,64,-75.23081919487414,39.94573621060057,-75.22942686348833,39.943805797255585
42101007800,2425,1,5,54,-75.21963531762275,39.94697540071477,-75.2203296169476,39.94790284195615
42101007400,358,1,1,58,-75.2171993406916,39.94115337360293,-75.21205453963795,39.94211553013726
42101007800,3135,1,5,24,-75.21575624666619,39.94640369506708,-75.21153241775265,39.94575619146932
42101007000,2455,1,1,47,-75.21881545524684,39.93721304739381,-75.22182738382827,39.9379422858861
42101007400,1549,1,3,39,-75.21154386694134,39.940041264769675,-75.21184215243146,39.94429131067603
42101006900,3665,1,3,63,-75.21423369460248,39.92583639200186,-75.21148207836306,39.92994050398809
42101007400,1562,1,2,50,-75.21535238136904,39.93918733369145,-75.21560004757559,39.93888240465706
42101007000,948,1,2,61,-75.22559752435654,39.93426064284161,-75.22239817637157,39.93235240267206
42101007700,3075,1,3,72,-75.21089835056381,39.947630760391284,-75.20575207570762,39.947872900076135
42101007800,3235,2,5,49,-75.2131366580371,39.948269374315,-75.22118780472184,39.94781274420528
42101007300,3254,1,4,39,-75.22025746328451,39.94370664399869,-75.22290952837184,39.946366140823145
42101007100,41,1,3,41,-75.22662943810636,39.938269509889345,-75.22779473404302,39.93557135519691
42101007100,1903,1,3,55,-75.22603209202335,39.93754452963515,-75.22798535920096,39.93857298721478
42101007200,1409,1,3,57,-75.23294101194152,39.94198892830475,-75.23284574967396,39.942366247322
42101007800,2569,1,1,65,-75.2155482539087,39.94756429491825,-75.21934738151715,39.94491118384131
42101007400,1580,1,3,25,-75.21020425793166,39.94045387706413,-75.20902038647618,39.943240118826054
42101007000,334,2,1,63,-75.22486015035176,39.93365394661416,-75.22582222376978,39.93516364196125
42101007100,1442,1,2,49,-75.22258538774456,39.93842565488579,-75.2286769138602,39.94212008106597
42101007400,13,2,3,50,-75.21508395660719,39.93906302131113,-75.2149810746902,39.94162784413677
42101007800,360,2,1,63,-75.21697965440305,39.943951954255816,-75.21563186232413,39.94444316202967
42101006900,2977,1,2,26,-75.21646259867782,39.93329651523558,-75.21091355676424,39.93126779729601
42101007300,3468,1,2,45,-75.21941325715657,39.943101854622164,-75.22038390774551,39.94331528580092
42101007000,2138,1,3,54,-75.22039452721121,39.93903405066385,-75.21936532486937,39.93783210021632
42101007000,3241,1,2,62,-75.21841025151933,39.93419978345746,-75.21898608092955,39.93604024999249
42101007200,3484,1,1,58,-75.23086006202405,39.94311821196996,-75.23722184204291,39.94323111486203
42101007300,1413,1,2,52,-75.21987340491,39.94221305795038,-75.21707064762755,39.943499425418935
42101007400,2234,1,1,77,-75.21049903301864,39.93956778145457,-75.21290278533333,39.93995091836332
42101007000,3282,2,3,50,-75.22130052668965,39.93318752873787,-75.22270216119749,39.93572757870736
42101007400,747,2,3,59,-75.21715192358121,39.94125015438792,-75.21439080277844,39.941661320577325
42101007000,803,1,3,66,-75.2228705217245,39.93719327619529,-75.22367876184428,39.93482447072814
42101007800,2969,1,4,69,-75.21319561692474,39.94466519231065,-75.21149959452269,39.946272860030405
42101007800,1399,1,3,58,-75.2162894572127,39.947067398417566,-75.2166385674393,39.94769104398616
42101007300,1356,1,4,55,-75.22044997692954,39.94353307454662,-75.22128825957371,39.94541965696707
42101007000,2528,1,2,19,-75.2245893977802,39.93264335898155,-75.22114112566386,39.93758114988399
42101007000,2052,2,2,27,-75.22286471455689,39.93476870995692,-75.22324356389576,39.93532168828842
42101007100,3016,1,4,36,-75.22919812211606,39.93766736612519,-75.23111292750667,39.93842734390424
42101007200,1369,1,1,63,-75.23249052109693,39.942386246237824,-75.23486874338056,39.94547387108917
42101006900,712,1,3,23,-75.20952044920122,39.93098599890943,-75.21771642361263,39.93086700939212
42101007300,3344,2,3,41,-75.22362977187338,39.94585033138201,-75.22262569960573,39.946265630517296
42101006900,2150,1,3,25,-75.21246262137996,39.92514661718572,-75.2127123581947,39.926767287252225
42101007300,2212,2,3,58,-75.22149739604313,39.94602051459936,-75.2230287526274,39.945794393438966
42101007100,1766,1,2,36,-75.22247538137294,39.938550262918916,-75.22968102378776,39.94158825533166
42101007700,2560,2,4,33,-75.20618200306193,39.949242574454956,-75.20743115630796,39.94311981915326
42101007200,792,2,3,49,-75.23226303452061,39.94590849283366,-75.23198681897915,39.945913672306965
42101006900,2945,1,1,44,-75.22098776059536,39.930067084841674,-75.21577444823666,39.93335980001793
42101007100,209,1,1,47,-75.22601868530556,39.93743193238524,-75.22603540266809,39.93711515529472
42101007800,1563,1,5,63,-75.2162238788845,39.94653303633125,-75.21532931728727,39.94557443297354
42101007000,1530,2,2,48,-75.2234619246964,39.93445416990289,-75.22307229970173,39.933529705423744
42101007400,1822,2,2,27,-75.21169313323564,39.944801928949865,-75.2092990664615,39.94230661198095
42101007000,119,1,3,54,-75.21909358776989,39.93853363295717,-75.21977367097,39.93684170954645
42101007300,754,1,4,46,-75.2217162615865,39.94448200618543,-75.22271616126449,39.94275052517832
42101007700,829,1,3,23,-75.2069413195439,39.94455739449479,-75.20697130750509,39.94378942014169
42101007400,2458,1,2,70,-75.21614430288714,39.93901276088668,-75.21793302251189,39.939663745714306
42101007000,1643,1,5,50,-75.21790600698822,39.93690497288886,-75.21749857804333,39.93713742398993
42101007200,339,1,1,66,-75.23312033768758,39.94107874607752,-75.23690388498461,39.943669937437406
42101007200,2968,1,3,44,-75.23445875178894,39.941484702226354,-75.23284791905014,39.942130389483
42101007400,2053,1,1,46,-75.21384344017912,39.940636648825844,-75.2152865592284,39.942284659370365
42101007000,1703,1,3,57,-75.21869603062578,39.93712946749656,-75.21922646284678,39.93728265828284
42101007100,764,1,3,66,-75.22456912689603,39.93723318289432,-75.22883491449018,39.94115317286749
42101007000,245,1,2,24,-75.22551600353016,39.9346565401334,-75.22037671538399,39.93693562212405
42101007300,2177,1,3,49,-75.22609831761557,39.94503413487748,-75.22306061226485,39.94256800295583
42101007700,281,2,4,65,-75.20822236755077,39.94904773098523,-75.21051647736958,39.94876227774931
42101007400,2260,1,2,69,-75.21978967753968,39.939470131217895,-75.21341388452521,39.937640568818225
42101007800,2859,1,3,26,-75.22109045049214,39.94812028002074,-75.217585558413,39.948132646522865
42101007100,1972,1,4,62,-75.230317700946,39.93915338839024,-75.23022745252251,39.93905974386501
42101007100,3222,2,3,51,-75.22564069875102,39.9378061532151,-75.22743683495766,39.940857008570376
42101007100,1610,1,3,22,-75.22432816853956,39.93718398721564,-75.2232707230001,39.94204055474337
42101007800,910,2,4,59,-75.21515812904934,39.94730005535291,-75.2134737882987,39.94781798991747
42101007100,2151,1,2,73,-75.22588303648749,39.94124039182503,-75.22972403409528,39.93936928282055
42101007400,173,1,4,26,-75.21236553512506,39.944561326683775,-75.21134581018542,39.94278600813546
42101007200,3192,1,2,49,-75.23189935025248,39.9423692894975,-75.23148639961383,39.944048764967754
42101007400,1609,1,3,79,-75.21529501111432,39.93792635588345,-75.21570989103977,39.936175332510594
42101007100,1543,2,2,60,-75.2275595955684,39.94090969106764,-75.22774515109005,39.940152303132955
42101006900,1946,1,2,29,-75.22100585808884,39.93038498275591,-75.21611092998944,39.93440599223658
42101007300,55,2,5,49,-75.22282429420792,39.943255566069396,-75.223930415227,39.943182189792765
42101007100,2912,1,3,31,-75.22452795101546,39.93845744951698,-75.22729742380119,39.93723278898532
42101007000,532,1,2,63,-75.2235203043756,39.931502135474176,-75.22478482164557,39.93381024724301
42101007800,1664,2,5,36,-75.21464675022257,39.94820203309657,-75.21217446268135,39.94809344640438
42101007100,2572,1,3,55,-75.22569036181142,39.93715704277361,-75.223949856975,39.93780227992864
42101006900,252,1,3,31,-75.21352984957332,39.93189677455034,-75.2134798815198,39.930920496115625
42101007200,739,1,2,66,-75.23165153108788,39.94379941979367,-75.23786969223345,39.94581253604436
42101007700,2017,2,1,53,-75.20869704581784,39.94723898108667,-75.20785138833402,39.94717926816391
42101007800,214,1,5,32,-75.2171595845214,39.946781561612724,-75.21602294124753,39.947668810510095
42101007800,3152,2,2,40,-75.22017886448442,39.946989516762486,-75.22309763305623,39.947579551722896
42101006900,1574,2,2,29,-75.2175785591188,39.9281527299896,-75.21645230917088,39.927411659787595
42101006900,1315,1,1,56,-75.21862718346236,39.93251154142959,-75.2141735458915,39.93217188418568
42101007200,1669,2,4,59,-75.23313270904244,39.94463793833064,-75.23524200386817,39.94457951523414
42101006900,3182,1,3,25,-75.2163283973417,39.93019893165383,-75.21652168892612,39.93221811212703
42101007400,133,1,1,79,-75.21257368379217,39.93939150416976,-75.21239310099482,39.94027841656925
42101007100,2870,1,4,29,-75.2292855841782,39.93715947126514,-75.22831799985558,39.937538092799755
42101007300,1879,2,2,41,-75.22519973248772,39.94719442130354,-75.22241776245241,39.941874220676965
42101007200,2109,1,4,48,-75.2366800694393,39.94333955063225,-75.23620085548593,39.94295163154152
42101007100,2457,1,4,42,-75.23119666707694,39.93810826367174,-75.22568558570697,39.94179980420256
42101007300,3272,1,5,47,-75.22182646358752,39.94373306262231,-75.22133487858096,39.943217673463934
42101007200,3483,1,2,43,-75.22981256636305,39.9430902333076,-75.23757214071865,39.944715779954954
42101007000,942,1,2,66,-75.21797826342437,39.93593152778435,-75.219553879496,39.93467692392692
42101007400,2862,1,2,63,-75.21790741855416,39.939772809831034,-75.21401661200565,39.94103048481428
42101007000,704,1,2,65,-75.21953971626677,39.93515074555764,-75.21838392209112,39.9360170930301
42101007100,1451,1,2,35,-75.22293772758928,39.93905166936807,-75.22862497252503,39.94261565443052
42101007100,3044,1,2,56,-75.2224472007679,39.94014866690634,-75.22324498794987,39.93844318775575
42101007100,3628,1,2,61,-75.22206472019586,39.9398799615651,-75.22715160117076,39.94221766135564
42101007100,1449,1,1,55,-75.22483149840603,39.93875769246978,-75.22341605438478,39.939124335276155
42101007400,738,2,3,52,-75.21626892563934,39.94072161005288,-75.21581236420035,39.94120575127708
42101007200,187,1,2,28,-75.23071491456244,39.94224181266468,-75.23147414970245,39.942897568221504
42101007000,3421,1,4,54,-75.21759543727549,39.9351933955306,-75.22328082374285,39.935612174375926
42101006900,1725,1,2,46,-75.21650512532239,39.93310367490733,-75.21250888940044,39.93152466301847
42101007200,2914,1,4,48,-75.23558590489425,39.94246047109735,-75.23493531945552,39.94190572547172
42101007000,1605,1,2,57,-75.2218603350596,39.933566131647055,-75.22535539259766,39.935560801572194
42101007100,3191,2,3,34,-75.22463409230356,39.937621177242804,-75.22420463694807,39.93735292073948
42101007300,553,2,3,66,-75.22686647161767,39.94748821904998,-75.22449796442083,39.94653230345329
42101007100,2075,2,3,61,-75.22504104366126,39.93848190381671,-75.22686044804124,39.94156581187369
42101007000,183,1,1,69,-75.22001180886838,39.934959443557396,-75.217502725014,39.93706000685142
42101007100,3158,1,3,57,-75.22603902824912,39.93657050771179,-75.22791761374805,39.936679030013444
42101007100,3376,1,3,41,-75.22774927852734,39.93732788674327,-75.22436391933688,39.936465813029585
42101007400,3531,1,1,60,-75.21486546238938,39.941316420684366,-75.21431099228481,39.94048996695162
42101007000,806,1,2,56,-75.21994959863899,39.93320776097697,-75.22060540243297,39.931999550396895
42101007100,3084,2,2,52,-75.22777277910636,39.94114032764987,-75.22712275415762,39.94089571983322
42101007000,224,1,1,48,-75.22058499066888,39.93822527688472,-75.22303917106329,39.93627812534604
42101007800,3057,1,4,48,-75.22061617633176,39.94794438124925,-75.21239671305813,39.9466839899349
42101007400,2606,1,3,46,-75.21096158167477,39.94400362231267,-75.20933653816377,39.94212031522536
42101007300,2350,1,3,67,-75.22561456488025,39.94535404290383,-75.22666738500327,39.945272441139515
42101007400,1567,1,3,42,-75.21139270004271,39.94515691671607,-75.21909008514427,39.9404441455697
42101007800,278,2,4,26,-75.21573303698497,39.94767707395528,-75.21475274322944,39.947755262308085
42101007100,2467,1,2,18,-75.22326464425652,39.93961210846918,-75.22316349116832,39.94046006987816
42101006900,2117,1,3,57,-75.21211196309592,39.931766148228014,-75.2171768174879,39.92823478803051
42101007000,1422,1,1,26,-75.21820195679204,39.93790378262365,-75.21784438569203,39.937117269728866
42101006900,75,1,4,40,-75.22149493068869,39.93029844376066,-75.21565539968027,39.93446606127772
42101007400,1929,1,2,56,-75.21853306991973,39.939798606765294,-75.21355131225604,39.94085385011744
42101006900,1355,1,1,54,-75.218081886092,39.93283241518437,-75.21285144090815,39.9286269897446
42101007300,1639,1,4,52,-75.22071769941196,39.94434843564286,-75.22046013479184,39.945214900494854
42101007300,227,1,2,39,-75.2198420227681,39.94246617126103,-75.21915863212088,39.94242905523332
42101007100,1945,1,3,75,-75.22461371724832,39.94056039713999,-75.22476198785708,39.94091285437879
42101007400,1795,2,3,51,-75.21384084232021,39.940851042532856,-75.21483452146488,39.94239123263266
42101007000,708,1,2,59,-75.22514235334397,39.93374423776938,-75.2229969283414,39.93659363151223
42101007000,3169,1,2,57,-75.22143121523085,39.933849579328005,-75.22427320375441,39.93563390433633
42101007100,3599,1,1,46,-75.2213467913365,39.939836089591886,-75.23205861840238,39.9395644829275
42101007200,1412,1,2,60,-75.23031578404337,39.9426880121717,-75.22801410362543,39.945061379423
42101007400,2022,2,3,35,-75.21591434459478,39.94102467470552,-75.2152415416488,39.94251840311788
42101007800,32,1,2,61,-75.21507869409737,39.948524624376425,-75.21433953238918,39.94634945898709
42101006900,1553,1,2,54,-75.21827133903254,39.93365446277496,-75.2157120007719,39.93324406745715
42101007000,1542,1,2,57,-75.22092408721402,39.93231915295468,-75.21815032143739,39.934149284008285
42101007300,2086,1,3,35,-75.22531320737832,39.945290422866755,-75.22271848673797,39.943299695955126
42101007800,2246,2,2,41,-75.22135930558763,39.947673961320014,-75.22239958284554,39.947621496061075
42101007100,2114,1,2,71,-75.22568589516668,39.94001431195516,-75.22635704117081,39.93959620031884
42101007400,116,1,2,48,-75.21654272619594,39.93969792796639,-75.2149966258321,39.94075114256651
42101007000,3154,1,3,60,-75.2179082343158,39.93723160289706,-75.22457532206941,39.93617252386377
42101006900,818,1,2,52,-75.21534099952734,39.933791720605704,-75.21984487596708,39.932017728917636
42101006900,1420,1,3,46,-75.21276635634796,39.93113060175303,-75.20927714033184,39.93401134049585
42101007100,3126,1,2,30,-75.22240581074742,39.939829660763,-75.22514427133697,39.94299503836548
42101007000,3226,2,3,34,-75.22277618719721,39.93265099972681,-75.22502545920541,39.93410630997228
42101007800,1539,1,5,29,-75.2168617592141,39.94825557021429,-75.21306587804825,39.94594107527817
42101007200,2910,1,5,42,-75.2317401481707,39.94489656799461,-75.23226961973774,39.9444698197498
42101007000,164,1,3,30,-75.22142050752241,39.93763055535652,-75.22180951125883,39.93789178075772
42101007000,357,1,2,72,-75.21634042824596,39.93571076303567,-75.21697521439683,39.9356820961673
42101007300,536,2,2,39,-75.22472982368824,39.946309606325265,-75.22356684265479,39.94635192567715
42101007000,253,1,1,51,-75.21972484165016,39.937779798791134,-75.22081737341232,39.937976907379735
42101007800,883,1,2,64,-75.21227487046804,39.94781516265056,-75.2191266651971,39.94497846064923
42101007800,3296,2,5,29,-75.21148884755773,39.947706176217466,-75.21511858343005,39.94420870021866
42101006900,2492,1,2,58,-75.22104243945576,39.93023498751122,-75.21911416831844,39.932964579237904
42101007800,950,2,3,52,-75.2149301476164,39.947901883178375,-75.21634040580983,39.94553690108793
42101007400,3247,2,2,67,-75.21038821563656,39.94400063218583,-75.21517360069872,39.93710008934844
42101007000,2308,1,3,19,-75.21937646436648,39.937248720227416,-75.2212371159655,39.93836483065605
42101007100,2949,2,1,37,-75.2268861956802,39.935000765250365,-75.22550735238634,39.93560960543847
42101007200,1406,1,2,77,-75.23436814780452,39.94373638312589,-75.23075113164586,39.94427096143315
42101007100,1531,1,2,46,-75.22472231964973,39.93940486842901,-75.22587367975534,39.94300476971062
42101007400,2449,2,2,48,-75.20997870142972,39.94327232828664,-75.22051335136719,39.93973206928319
42101006900,2967,2,2,32,-75.21608604453253,39.92846803090923,-75.21824838502084,39.93200097563223
42101007800,2941,2,4,27,-75.21394724333267,39.94851792289319,-75.2118589041606,39.94749522894303
42101007100,83,1,3,76,-75.22526606979622,39.93985013865856,-75.22886028992438,39.94306444309718
42101007800,2267,2,5,56,-75.21482774827166,39.948224166246874,-75.21457335425865,39.947178105667646
42101007700,3056,2,3,57,-75.21071547258934,39.94734986663961,-75.20925905986512,39.94591948776387
42101007400,31,2,5,45,-75.21072597054253,39.94313677834638,-75.21407054637831,39.93737434218377
42101007000,802,1,2,57,-75.22146513466382,39.93263521893859,-75.22104533904579,39.9369524637129
42101007800,2376,1,1,48,-75.21453647908629,39.943913701948986,-75.21203897157099,39.94502011807078
42101007200,2462,2,2,18,-75.23453854612639,39.94171466355242,-75.23546163427548,39.94319061959835
42101007000,2463,1,3,28,-75.22059082213381,39.937118394356354,-75.21919912488399,39.93716009374941
42101007100,1644,1,2,69,-75.22789773715199,39.939686122426636,-75.22967925173889,39.93970600920048
42101007800,2491,2,3,25,-75.21412869169916,39.947333739568855,-75.21140335398714,39.946058067871846
42101007400,661,1,2,71,-75.21714412120849,39.939189548624206,-75.21757309757628,39.93949243913226
42101007400,1450,1,3,55,-75.20978562392138,39.94303656995,-75.21353486348048,39.942106010516824
42101007100,1663,1,3,36,-75.2273452467798,39.93677548475464,-75.2273943934979,39.937445039247066
42101007800,2547,2,5,46,-75.21497757020252,39.94704139228778,-75.21485756509335,39.94360167875028
42101007200,673,1,3,48,-75.2342163014804,39.94100674514463,-75.23324529761467,39.94650673564067
42101007100,18,1,2,62,-75.22407401649707,39.939579092040816,-75.22467528529738,39.94174127401496
42101007800,332,1,4,28,-75.21746651209989,39.94796265812131,-75.21950193517354,39.94797038069432
42101007800,814,2,3,29,-75.21486663054867,39.94856189940592,-75.21620422639502,39.94800941033501
42101007000,1737,2,1,47,-75.2215457055515,39.93340287941513,-75.22000359651715,39.93305051364536
42101007700,2258,2,4,34,-75.20550960478593,39.949400604654436,-75.20632391458102,39.947669961487534
42101007700,2309,1,5,69,-75.20966144980432,39.94742196634048,-75.20895425931315,39.947632612275115
42101007800,3353,1,3,24,-75.21661886914562,39.94623659558103,-75.21946355284082,39.94697925418571
42101007200,2971,1,2,58,-75.23065555530712,39.94390173539884,-75.23382142100482,39.94114471365909
42101007100,1680,1,2,63,-75.22481388827985,39.93965430190195,-75.22969698531263,39.94278131693875
42101007100,2380,1,2,50,-75.22351200923784,39.94074374579075,-75.22769954865319,39.94143216615017
42101007700,2090,1,4,45,-75.20991344472202,39.947004435549644,-75.2068041096717,39.94606258449347
42101007200,3096,1,3,27,-75.23419624956,39.94084209628509,-75.23249345232998,39.946118876130456
42101007100,900,1,2,52,-75.22133521460648,39.9390002067454,-75.2213791767661,39.93893935476223
42101006900,97,1,3,54,-75.21433226376418,39.93178092899942,-75.21587619676622,39.930964819759275
42101007000,1665,1,4,24,-75.21995919888292,39.93500568278172,-75.21678512243275,39.93589939132976
42101006900,1724,1,1,19,-75.21639690019576,39.934028545601535,-75.21588220852743,39.929289448996194
42101007100,1352,1,2,66,-75.22581830073953,39.941526798189294,-75.22677867863382,39.94177734980069
42101007700,2878,2,4,23,-75.21041435883238,39.94738300095639,-75.20913526896882,39.94781250931396
42101007800,1373,1,3,44,-75.21943618285155,39.94823178225735,-75.21181923054604,39.946332615581035
42101006900,1932,1,1,29,-75.21525903194546,39.935267553638425,-75.21538084873691,39.93445008724324
42101007100,2490,2,2,33,-75.22654116761153,39.94058552765486,-75.22611607384084,39.94057095707142
42101007400,1443,1,3,48,-75.21030784097965,39.94396439001571,-75.21070197414635,39.94369189904532
42101007100,3624,1,2,75,-75.22603485416408,39.94199750125647,-75.22769387660699,39.938914103506406
42101007000,2408,2,2,60,-75.22203040510794,39.934503140062624,-75.22383303454842,39.933852627799055
42101007000,3101,1,2,41,-75.21972617590403,39.933411887509365,-75.22426585459442,39.9330751050677
42101007400,1657,1,3,50,-75.20938595814278,39.94284990626668,-75.210300838704,39.94457241191239
42101007300,85,1,3,59,-75.22458283431583,39.94356548270585,-75.226156915433,39.94580713334741
42101007800,72,1,2,64,-75.21230474058348,39.94811340533701,-75.21792348835481,39.94420531356785
42101007000,1457,1,1,49,-75.22134567827565,39.93792430134538,-75.21933957458629,39.938233438325845
42101007800,2831,2,4,48,-75.2152859721315,39.947338875180655,-75.2159104548158,39.94782293928976
42101007800,118,2,4,46,-75.21516379927357,39.948182056685184,-75.21286116348223,39.944558136595056
42101007100,3000,1,2,83,-75.22674845649412,39.94108957536617,-75.22773691413052,39.93977400409146
42101007100,1548,1,3,64,-75.22727554173215,39.936913713567925,-75.22711161713038,39.937381580576535
42101007200,3004,1,4,48,-75.23564803260717,39.94197804196899,-75.23561350295324,39.94316027614352
42101007100,787,1,3,57,-75.22727176376783,39.9347680536557,-75.22554133552744,39.936127752465865
42101007800,2077,1,3,50,-75.21952211282407,39.94741189782687,-75.21127264092839,39.945710919488924
42101007400,16,2,2,59,-75.21094088088323,39.94452884869616,-75.21748313751367,39.94120032626727
42101007300,1535,2,3,30,-75.22232798504777,39.945765548119475,-75.22323870402768,39.9451410092162
42101007300,1598,1,5,63,-75.21777630582154,39.94297777248976,-75.21841122147893,39.942547291357386
42101007100,845,1,3,50,-75.22702772354447,39.93619403772312,-75.22692135943403,39.935422816164
42101007200,2838,1,3,78,-75.23350873730918,39.94488597775034,-75.22869155858783,39.94554372664686
42101006900,3220,1,3,47,-75.21294266453454,39.9314209933113,-75.21525329061267,39.93205810078893
42101007400,2958,1,3,78,-75.21437436434769,39.93835139471146,-75.21741792266769,39.9377044647683
42101007300,1522,1,2,75,-75.22374909657267,39.94656495798643,-75.22466099128965,39.94615724477293
42101007100,3366,2,5,34,-75.22731893847741,39.94372782762442,-75.22525188805015,39.9427937907462
42101007400,1748,1,2,18,-75.2191882892397,39.93867639786125,-75.21694056128007,39.941092056060214
42101007400,201,1,4,44,-75.21262654391535,39.943896949077555,-75.21385372064897,39.94366582049688
42101007300,2587,1,3,51,-75.22719948861577,39.94599462880867,-75.22227401260537,39.94304358871113
42101006900,258,1,3,49,-75.21097205218328,39.93391040082423,-75.21553465662491,39.92903265818329
42101007400,2196,1,2,85,-75.21640801108771,39.93871940157365,-75.21732575015729,39.93929970247269
42101007100,1505,1,1,53,-75.22318577297314,39.93908075325845,-75.23147995132939,39.93884333462868
42101007800,677,1,4,56,-75.21690266894412,39.94805658669856,-75.2146494629456,39.94371522135235
42101007200,1508,1,3,55,-75.2325478632272,39.94186480077418,-75.22885072561351,39.94429724497616
42101007200,354,1,2,57,-75.23098856136355,39.94433138168902,-75.23029126118564,39.94262439792467
42101007400,3121,2,2,48,-75.20853777908421,39.94238203407297,-75.20791349281036,39.94261267998526
42101007100,1628,2,2,41,-75.22645591704075,39.939811209178956,-75.2277990822244,39.94083261507279
42101007800,1541,2,4,42,-75.2142325052804,39.94856805704154,-75.2144060803556,39.9440978216757
42101007800,2505,1,5,31,-75.21866428059522,39.94774669111391,-75.21221126434993,39.94501963820067
42101007700,59,2,4,25,-75.20624364529348,39.948321000583974,-75.21146083494655,39.948795085050136
42101007000,3198,1,2,51,-75.22571105255129,39.93440620815137,-75.22634323080078,39.93475085698769
42101007800,1483,1,2,18,-75.2144914926964,39.94839157355894,-75.21984471933986,39.946021122885675
42101007400,2999,2,5,26,-75.21375230561118,39.94269981211087,-75.21252545690552,39.94280802173682
42101007400,758,1,5,48,-75.21837688298241,39.94212015294247,-75.2203095098525,39.94006122399517
42101007100,2454,1,3,32,-75.22567631329284,39.93598646800508,-75.22647933675582,39.94364538483237
42101007000,202,1,1,68,-75.21771651150571,39.93517988816782,-75.22204879951742,39.93748905006905
42101007100,3206,1,4,48,-75.22882097183529,39.938560958247834,-75.22802129627226,39.93926237879892
42101007000,2325,1,2,54,-75.22176327729262,39.93334635931227,-75.22372753486756,39.9345985928315
42101007100,1953,1,1,47,-75.22724903656072,39.94063854445018,-75.22994879031417,39.94056989780858
42101007100,1472,1,4,51,-75.22910780855003,39.9384132640664,-75.2289664717093,39.93734745224486
42101007100,3324,1,2,67,-75.22512084936521,39.93993962290545,-75.22572533938656,39.94165408297703
42101007000,2210,1,2,60,-75.2175934615753,39.93421230933634,-75.22587708057591,39.93511054382755
42101007200,3003,2,2,49,-75.23621359763378,39.94261973666153,-75.22843817654265,39.945587234543595
42101007100,1478,1,3,24,-75.22716861039297,39.936863475710844,-75.22400123673846,39.94171718468617
42101006900,226,1,3,40,-75.21509452356992,39.929763038618624,-75.20980253609623,39.93305788830118
42101007800,1969,2,2,57,-75.21836755598314,39.94533905194326,-75.2187809795638,39.94447679124062
42101007000,2170,1,3,59,-75.22044802491827,39.93743647220613,-75.2186306961072,39.93802860470449
42101006900,1876,1,4,25,-75.2147340303714,39.934473376769404,-75.2206354134935,39.93006171796426
42101007800,892,1,2,57,-75.21523584615986,39.94765205253449,-75.21315803729274,39.94682856654269
42101007000,3552,1,3,72,-75.2198072625964,39.935989167042344,-75.22024321326701,39.935529250124006
42101007300,2199,1,4,52,-75.21925710823231,39.944447117788776,-75.22244475805586,39.94251697677413
42101007000,2471,1,2,74,-75.2175723014599,39.935188205677214,-75.21731132659583,39.936462592476175
42101007100,925,2,2,43,-75.22684542187427,39.93939429898381,-75.22491133923057,39.939982639884825
42101007300,1357,1,2,67,-75.22581125320052,39.94667597937847,-75.22503056848298,39.944410343338696
42101007400,2586,1,2,49,-75.21932662255483,39.93974716998926,-75.21795819848705,39.939060924694104
42101007100,163,1,2,60,-75.22793806427714,39.94239191460668,-75.22298522010765,39.94074343763966
42101007700,3095,1,4,26,-75.20927972605654,39.94820311673533,-75.20632536315581,39.94701375751085
42101007100,1917,1,4,46,-75.23130136190004,39.9381346488913,-75.22990969551773,39.93940747820076
42101006900,2153,1,2,19,-75.21236972797392,39.928053391137595,-75.2173775235705,39.931561847588505
42101007800,2372,1,5,49,-75.21728712700451,39.94699360979081,-75.21879203727872,39.94679684407381
42101007000,2307,2,3,33,-75.2228588142511,39.93179433364737,-75.2218172768088,39.935078682018734
42101007800,1528,1,4,27,-75.21937933875483,39.947711377468956,-75.21538905002012,39.9468429393287
42101007100,311,1,2,28,-75.22784188939244,39.94362558985393,-75.22276798335827,39.940342963083445
42101007200,717,1,2,42,-75.23133197134682,39.944222477858,-75.23286210867197,39.94416191825153
42101007000,3097,1,2,48,-75.22038834597802,39.93237101490839,-75.22417160999859,39.933028778262226
42101007400,1627,1,2,33,-75.21671447905275,39.93892228651983,-75.21307280501928,39.94100230375855
42101007200,2198,1,5,45,-75.23298233763747,39.94303112524289,-75.23104803569886,39.944220926364885
42101007300,222,1,2,61,-75.21827593938153,39.94288067964134,-75.21975765865128,39.9429522810122
42101007300,2055,1,1,46,-75.22469929852824,39.9455058571163,-75.22380704108785,39.94644694108969
42101007000,834,1,1,43,-75.21919575847981,39.937102176219064,-75.21817711935084,39.93694571372278
42101007100,2633,2,3,39,-75.22754801600635,39.94024353089633,-75.22741921495046,39.9401994071288
42101007000,736,1,1,59,-75.21915345852477,39.93732326797366,-75.21998465641907,39.93649682601235
42101007100,2331,1,5,40,-75.22684013145445,39.94044484751374,-75.22668793347695,39.94093714141527
42101007300,2371,1,2,67,-75.22286513599568,39.946731574813526,-75.22511326904407,39.945865529552876
42101007200,2900,1,4,32,-75.23617932148791,39.94279224864499,-75.23318223658441,39.94281415190626
42101007300,1938,1,2,68,-75.22280772940319,39.94714619504101,-75.22170208945734,39.94181954946935
42101007200,194,1,3,68,-75.23274419647574,39.946065673748286,-75.23249954771198,39.94447405580621
42101007100,1565,1,3,30,-75.22727081051904,39.936490365140806,-75.22694747689513,39.937195288926716
42101007200,2756,1,3,68,-75.23215737982834,39.94730744968954,-75.23251586948514,39.94417144797372
42101007100,3085,1,3,48,-75.22729218354314,39.93722733561768,-75.22676706204953,39.936453654456415
42101007000,130,1,2,58,-75.22130162224914,39.933494399687284,-75.22075074845121,39.93361640779888
42101007100,2995,1,1,75,-75.22920825588433,39.940233868511974,-75.23149011799268,39.938739061425615
42101007400,176,1,2,46,-75.21870764381757,39.93878152412341,-75.21867208679461,39.93896212740363
42101007200,1881,1,3,40,-75.2290820604651,39.946584166012585,-75.23400078228953,39.9407398907263
42101007200,733,2,2,45,-75.23576209560382,39.942602947008695,-75.23380692784274,39.942087660402436
42101007800,3063,1,5,46,-75.21380750419884,39.94679701939905,-75.21255927799895,39.945989014703486
42101007100,3128,2,1,52,-75.22797598295493,39.93711874571843,-75.23140303055929,39.938943542736766
42101007700,625,2,2,59,-75.20565892965645,39.94863002797786,-75.20775977841375,39.949263246195216
42101007800,239,2,1,68,-75.21159289295345,39.94778829878183,-75.21921516499332,39.94518264152901
42101007200,2700,1,2,53,-75.23182264586704,39.943977625905,-75.23712235150676,39.943463973948475
42101007300,3058,2,3,29,-75.22319640625265,39.94589640663956,-75.22137935946822,39.94617543979988
42101007300,1500,2,2,40,-75.22614464458734,39.94667375611653,-75.22376014277785,39.943689815076795
42101007800,3173,1,3,50,-75.214423726589,39.94377580586275,-75.2196689387376,39.94746350346945
42101007400,1732,1,2,52,-75.2144039802643,39.94052845254667,-75.2145367672103,39.94169375107587
42101007000,2661,1,3,78,-75.2218178159473,39.937808838336295,-75.22369848643858,39.93628136804201
42101007300,3359,1,3,40,-75.2251011052729,39.943782355454495,-75.22813186930762,39.94632956363366
42101007000,1905,1,3,45,-75.21846794098538,39.93656405259721,-75.22135544383279,39.93803205440133
42101007800,693,1,2,64,-75.21335459822586,39.947005469039404,-75.22152093863987,39.94783823953227
42101007000,2498,1,2,39,-75.22092302856882,39.938308253623276,-75.22350711263537,39.93317047707436
42101007400,1869,1,3,55,-75.21001869286138,39.94356578095232,-75.2122502235261,39.94039058701221
42101007000,1670,1,4,60,-75.21847879342339,39.9346503914606,-75.22448507114756,39.93627704019615
42101007100,1496,1,1,66,-75.2317584264897,39.94075206187385,-75.23079603149746,39.941346631610706
42101007200,766,1,2,63,-75.23278127558754,39.94399667479263,-75.23286140342798,39.94075319806852
42101007100,3267,2,4,44,-75.22718697415938,39.93937202700482,-75.22691613744828,39.94299173527676
42101007400,285,1,2,75,-75.20896339912517,39.94203941021736,-75.21535737621777,39.93883425549471
42101007400,1327,1,2,33,-75.21433058630481,39.93953509609286,-75.2181453618736,39.93956927549945
42101007000,3464,1,2,57,-75.21993488758656,39.938722321246686,-75.21975837886238,39.93370073069022
42101007300,3150,1,3,27,-75.22499534972712,39.94435911976203,-75.22242404229532,39.9419459030142
42101007400,3187,1,2,39,-75.21565463403535,39.94193014241403,-75.21724770038446,39.93727341352942
42101007000,1937,2,1,60,-75.22385797855962,39.93537967798577,-75.22229541381768,39.93431255936336
42101007800,244,1,4,25,-75.21187933250606,39.94589744630515,-75.21286700504045,39.946017782175076
42101007200,167,1,2,52,-75.23214679238728,39.94334452910689,-75.23109617637871,39.94382422431723
42101007200,2979,1,4,50,-75.2333569068534,39.94645301280861,-75.23524033081928,39.94236946714788
42101007100,2620,1,4,33,-75.22951313893907,39.938323739572965,-75.22929527048797,39.93671743288128
42101007100,2868,1,4,39,-75.22761488706942,39.938000928485344,-75.22753380658851,39.9387429750358
42101006900,289,1,3,28,-75.21016031190504,39.930371923680724,-75.20968488244104,39.93169484384461
42101007100,2257,1,3,47,-75.22560989800303,39.935337239697255,-75.22498251894504,39.936452417652916
42101007200,2361,1,1,74,-75.23470281357604,39.944545315584286,-75.23230630931697,39.94157183436387
42101007800,250,1,5,41,-75.21799659850177,39.943772472965236,-75.21593833670923,39.944237370917165
42101007000,749,1,4,78,-75.21971295000634,39.93464879260342,-75.22068994078207,39.93459158296489
42101007100,319,1,2,58,-75.22868248110449,39.94318049497605,-75.2211765348868,39.93876688946054
42101007200,383,1,1,35,-75.23489869639964,39.945422119304354,-75.23790657462364,39.9450352787929
42101007400,2036,1,2,65,-75.22111691567927,39.94009980414132,-75.21427624780415,39.93846276524297
42101006900,1526,1,3,54,-75.21319128578091,39.92971134460863,-75.219231240533,39.928169488861066
42101007800,2236,1,5,61,-75.21609056220913,39.945257457668475,-75.21431684336852,39.947764668323416
42101007000,2617,1,3,21,-75.21863583158145,39.93703744367655,-75.22317410887557,39.93453811974919
42101007100,3072,1,4,42,-75.23126545500998,39.938211967099235,-75.23012338478651,39.937731548910605
42101007400,3083,1,1,33,-75.2150172328494,39.94213354443193,-75.21413862329597,39.93972134481361
42101007100,3614,1,3,37,-75.22696898239943,39.934566958237035,-75.22860364292052,39.93782053881132
42101006900,1568,1,1,46,-75.21199091320956,39.92892698462401,-75.21708926070005,39.930795449071326
42101007300,2477,1,1,45,-75.22387703999433,39.94752930960401,-75.22449553650536,39.94632071411565
42101007100,535,1,3,68,-75.23004289874747,39.942215896621505,-75.2279464295787,39.94268961728935
42101007100,2097,1,4,63,-75.22982809841758,39.93829497280074,-75.22921353963243,39.93783408602039
42101007100,3059,2,2,63,-75.22905622777148,39.94307813283687,-75.22879797033218,39.94068263410466
42101007300,3302,1,3,33,-75.22578653524928,39.9444988339973,-75.22622167992155,39.9458306408687
42101007100,126,1,2,59,-75.22746493221155,39.94156161974348,-75.22194063624943,39.93934557418462
42101007000,1476,1,3,61,-75.21978247931749,39.93776354557436,-75.22045148116128,39.936987178734
42101006900,2921,1,3,31,-75.21136048695463,39.92825165901371,-75.21381301491991,39.926751282519966
42101006900,2121,1,1,56,-75.21348156075528,39.93039126368136,-75.20678749951168,39.9340294233615
42101007100,132,1,4,46,-75.22955004945416,39.93848734363186,-75.22959309545128,39.93891137011899
42101007800,1428,1,4,52,-75.21126703710672,39.945818184308145,-75.21845687145077,39.94548574298034
42101007200,2908,1,3,49,-75.22991322253156,39.94355557608182,-75.2298060138497,39.94749795582642
42101007100,702,1,3,55,-75.22737029416727,39.93736225062077,-75.22648147696202,39.93515073162777
42101007100,1424,2,4,54,-75.22994126249257,39.93850664460742,-75.22475455374024,39.94203375595593
42101007700,90,2,5,30,-75.20684868213307,39.94470464266513,-75.20610962264377,39.94474175809356
42101007400,71,1,2,25,-75.21321260446364,39.94119480350797,-75.21523732604744,39.93923219046114
42101007000,2223,1,2,60,-75.21955534402551,39.93733038894241,-75.22604839001174,39.9343847000961
42101007800,2863,2,5,48,-75.21351123532871,39.945527823653755,-75.21225231102193,39.94761026609164
42101007200,1991,1,1,54,-75.23478964692903,39.946630936153944,-75.2306196931708,39.94326666632262
42101007100,906,1,2,19,-75.2279429172514,39.94249184847361,-75.22539706396374,39.94202983033836
42101007800,3301,1,5,53,-75.21593557928657,39.94442039699533,-75.21847197617227,39.94378469160322
42101007800,3070,2,5,39,-75.21373243790575,39.94424154752484,-75.2128428084881,39.94660553003435
42101007400,287,1,1,74,-75.21218675337674,39.9401226238336,-75.21035899334612,39.939741344242684
42101007800,2987,1,5,51,-75.21552418265327,39.94501673649143,-75.2193138741107,39.94769388326326
42101007300,2857,1,1,64,-75.22273161932574,39.944869711737,-75.22374241731958,39.94606856447491
42101007800,2400,1,5,49,-75.21709669374799,39.94416345656675,-75.21804890860689,39.94571116835539
42101007100,3189,2,4,52,-75.23055684057326,39.93781089436371,-75.22595907432247,39.94201241778307
42101007800,2920,1,4,22,-75.21499851918787,39.94340140788781,-75.21951555313714,39.94581210325106
42101007000,1823,2,3,24,-75.22022768839855,39.93355250012288,-75.22134127881075,39.93561994251045
42101007000,2365,1,2,70,-75.22130127970037,39.936140905536426,-75.21904614301208,39.93516030790817
42101007400,3090,1,3,69,-75.21337890300617,39.93775122277333,-75.21251962008209,39.93780589971229
42101007300,3211,2,2,76,-75.21897154663147,39.94346217779382,-75.22738126333114,39.94535769704189
42101007200,3557,1,3,18,-75.22951123332125,39.94391643254995,-75.2343597750197,39.94127337671235
42101007800,2972,2,3,60,-75.21533333868462,39.946146177535354,-75.22225988954045,39.94755217498181
42101007100,1902,1,1,72,-75.22946941886012,39.94000127528033,-75.23087532146346,39.93972706050563
42101007800,2575,1,5,36,-75.2169615903235,39.944768041290885,-75.22090493534108,39.948087178002275
42101006900,770,1,1,55,-75.21068310539678,39.93360337287821,-75.21095992332417,39.93104682563382
42101007100,2275,1,1,63,-75.2301080730163,39.94034177591814,-75.22555357652755,39.93776571214169
42101007100,2082,1,2,56,-75.22917099854024,39.94314449589243,-75.22836942708298,39.94229087837406
42101007400,890,2,1,48,-75.2114428837091,39.93905741695193,-75.21070417714957,39.93968175045839
42101007000,192,1,2,26,-75.22122472639683,39.93768993226986,-75.22578087344638,39.93490303983005
42101007400,185,1,2,42,-75.2138227253215,39.940290166262436,-75.21890547277579,39.93913042487686
42101007100,109,1,4,39,-75.22859068453207,39.939065003827274,-75.22877522595238,39.937858941068974
42101007100,50,1,4,68,-75.22863274040999,39.941559194327475,-75.22818693681118,39.94276231740268
42101007000,2355,1,2,54,-75.22124033078381,39.9379288020587,-75.2206791593713,39.93664599415607
42101007400,3406,1,2,56,-75.21463533497379,39.940643048956524,-75.2185729231336,39.940014139528756
42101007100,2530,1,2,49,-75.22926815196116,39.94265481916051,-75.22333641111726,39.94157370655278
42101007000,2917,1,2,60,-75.21993176141305,39.938881371073386,-75.21817216660565,39.937829343210375
42101007300,3181,1,3,36,-75.22293768317702,39.942556726421685,-75.2212667346525,39.94088107079933
42101007800,1653,1,5,54,-75.21752288631076,39.94401163404836,-75.213050815335,39.94787094201634
42101007200,39,1,1,52,-75.23749146003895,39.94590648786577,-75.23607289403688,39.94509139515542
42101007100,350,1,2,29,-75.22803955882353,39.94252654023321,-75.22308753062468,39.938978268000284
42101007800,2469,2,2,78,-75.22064231351811,39.94732196792798,-75.21886378015603,39.944510271639146
42101007800,722,1,5,31,-75.21542557628666,39.946243964418585,-75.21618486255751,39.94779042964633
42101006900,76,1,2,50,-75.21263567573337,39.933569019138666,-75.21066172985245,39.93327826741004
42101007100,1532,1,2,27,-75.22892843870801,39.94184961382339,-75.22329254883212,39.9397812024727
42101007300,928,1,2,49,-75.21993260319825,39.94171549757005,-75.22090425022623,39.94318361918903
42101007100,757,1,3,59,-75.22831334183898,39.939147493842384,-75.22520671166956,39.937785479597125
42101007000,321,1,2,60,-75.22167266538027,39.938060106225585,-75.22218825323785,39.932239114992356
42101007100,2424,2,5,45,-75.22405085120491,39.94189665466063,-75.22413421302451,39.940840532447474
42101007400,3336,2,4,52,-75.21420135283988,39.94345278231405,-75.21320750527084,39.94385185843821
42101007200,3098,1,1,31,-75.23498999652382,39.946113021687005,-75.236830008647,39.943944651688334
42101007800,2481,2,4,73,-75.2222732809828,39.94752194493248,-75.22148014146323,39.94643558243843
42101006900,349,1,2,73,-75.21775344323537,39.93007995169301,-75.21702158545521,39.926859286264154
42101007100,2227,1,3,27,-75.22929766692398,39.9396887840116,-75.22870216672816,39.93796963918744
42101007300,1554,2,2,63,-75.2219767830331,39.9421236167649,-75.2255245365011,39.94476765499476
42101006900,2095,1,2,66,-75.21905906588505,39.931176545378484,-75.2122877106915,39.93326110956785
42101007200,3212,2,4,75,-75.23760641833906,39.94576113273876,-75.2371921500963,39.94357361918058
42101007100,3479,1,3,42,-75.22834983265561,39.93889168701217,-75.22605240359671,39.935316334725115
42101007800,2539,2,3,28,-75.21615490459897,39.94509449020074,-75.21567003977393,39.945923976561254
42101007200,2181,1,1,58,-75.23720088439288,39.94521664923716,-75.23106908545194,39.943270591832956
42101007100,1701,1,2,68,-75.22937055423881,39.93988655378303,-75.2287316876833,39.93921561724671
42101007300,2919,1,1,41,-75.22290141734733,39.94220010178236,-75.22111230434989,39.941642935718754
42101007800,2872,2,4,54,-75.21637804747108,39.94493552554892,-75.21433453641986,39.94667102339832
42101007000,3188,1,2,75,-75.22165331305156,39.936375375157745,-75.22010412498246,39.935844209761484
42101007000,310,1,2,64,-75.2212901131081,39.93483780514588,-75.22028687927512,39.93575050892594
42101007400,2928,1,3,51,-75.21833210203877,39.94069485378252,-75.21936629566794,39.9411377154713
42101007100,2944,1,3,32,-75.23120920676553,39.938086902161956,-75.22404256190133,39.9366440539717
42101007700,2923,1,3,46,-75.20909418485047,39.94451822082895,-75.20772278917597,39.943726011762394
42101007000,1511,1,3,42,-75.22495456797775,39.93528939533988,-75.22301942526171,39.933882238850956
42101007300,2406,1,1,63,-75.22070058380433,39.94145350107501,-75.22446240518153,39.94633565684218
42101007400,2303,2,1,42,-75.21137476645788,39.93862193805737,-75.21628550933289,39.93785013737066
42101007000,3243,1,2,39,-75.21991503437702,39.934551273255586,-75.22337661417264,39.93639514407169
42101007400,341,1,2,58,-75.21406649025222,39.94000569276041,-75.21606109418539,39.939030915405915
42101007100,1757,1,2,73,-75.22855716080676,39.937305552437486,-75.22559430476299,39.94108021226422
42101007300,2589,1,4,36,-75.22016353431748,39.94133643091242,-75.22006715111459,39.94144651771304
42101007800,279,1,5,27,-75.21827327496226,39.94441805592262,-75.21742031693132,39.944012375068816
42101007000,2625,1,4,38,-75.22224585397706,39.934282020005966,-75.22196951970008,39.93418662379856
42101007300,1469,2,2,53,-75.22234072859787,39.94240456287114,-75.22594530741337,39.94648354894077
42101007400,1374,1,1,38,-75.21542629021872,39.94157339501089,-75.21553915599242,39.94218288042524
42101007400,264,1,5,58,-75.21886308000505,39.94124857197981,-75.21921536552341,39.94017222372555
42101007800,2192,1,1,64,-75.21588806853636,39.9439047110349,-75.2128647726788,39.944928158408196
42101007100,2273,1,2,39,-75.22874627385337,39.94239844384851,-75.22447508987136,39.941150830530994
42101006900,2927,2,2,33,-75.21747294454353,39.93133038502596,-75.21776088723419,39.93105683688239
42101007100,2946,2,3,68,-75.23081829831439,39.9413008011159,-75.23310175659746,39.94017595574017
42101007100,2965,2,1,44,-75.22682624708939,39.942383332901564,-75.22696949409217,39.935818232874034
42101007300,40,1,2,75,-75.21751683023268,39.94330497178491,-75.22249765080817,39.94340185922187
42101007100,1495,1,3,70,-75.22868473051764,39.94222330294766,-75.22991206455082,39.941261752784534
42101007000,146,1,2,40,-75.22113304040953,39.9342577663199,-75.22235944142713,39.93148397238858
42101007700,703,1,5,39,-75.20790454877228,39.944300328463996,-75.20769558931599,39.94748825195616
42101007000,743,1,3,48,-75.22358561166153,39.933947621680964,-75.22253749036663,39.93467723513416
42101007800,1641,2,5,42,-75.21206425593168,39.94631892467355,-75.21081857613386,39.94624308092245
42101007300,1489,1,3,63,-75.22130145861928,39.9409351451911,-75.2234286534928,39.944172454608406
42101007000,1323,1,1,35,-75.22204376283584,39.93670985217199,-75.2205966760833,39.93897316772687
42101007400,2964,1,1,81,-75.21877852083665,39.940726482342235,-75.21175979693004,39.938294490958455
42101007800,2511,1,4,51,-75.21266541189944,39.94520406995817,-75.21299364909768,39.945747775341005
42101007700,2356,1,3,48,-75.20531422875163,39.94387727104254,-75.20638164804348,39.94388428715591
42101007200,84,1,2,50,-75.23536802135642,39.94659918083479,-75.23135610107447,39.94315239966995
42101007000,172,1,3,57,-75.2248040059895,39.935434783536216,-75.21797655717143,39.937488175324326
42101007100,1803,1,1,43,-75.23129785642344,39.94093261610448,-75.23141190853704,39.941051076343776
42101006900,143,1,3,65,-75.2161593761156,39.932740828018716,-75.21628048908103,39.93259908484033
42101007100,2581,1,4,35,-75.22975716261999,39.93820130716695,-75.22945101894246,39.937843980592156
42101007200,2584,2,2,32,-75.22922981551962,39.944612592866925,-75.22926132215456,39.944655139633255
42101007000,2963,1,3,58,-75.22368988194269,39.93370990913454,-75.22098803497018,39.938745079529994
42101007100,734,1,2,75,-75.23031678636033,39.93856999294532,-75.22724252076573,39.93854766543259
42101007100,730,1,3,54,-75.2284294339129,39.93867898814725,-75.22434378281007,39.936696500258655
42101007800,1516,1,4,24,-75.21135227015034,39.94744605150957,-75.21798427347535,39.94614292956984
42101007800,3008,2,3,54,-75.21192951513086,39.94713424334482,-75.21202516840353,39.94758276162608
42101007100,1827,1,1,81,-75.23173191538677,39.93959808917941,-75.23132248233954,39.94086048190171
42101007400,1550,1,4,43,-75.21219798945484,39.94315270604845,-75.212103729358,39.944262433444734
42101007300,1716,2,1,67,-75.21856398247937,39.94293417622066,-75.21923067358682,39.94240542727433
42101007400,337,1,3,43,-75.21904805409633,39.94029404837919,-75.21014681825442,39.9435323748754
42101007000,3239,1,3,70,-75.2206760247253,39.936135043758284,-75.2226865030455,39.93664001583106
42101007700,752,2,4,23,-75.2057465289328,39.94472499367341,-75.21060611827087,39.94724675729151
42101006900,315,1,2,28,-75.21761385975088,39.931611255840444,-75.21832741422342,39.927736522193904
42101007400,2564,1,3,52,-75.21774148337036,39.94138968336465,-75.20960997610497,39.94359473633845
42101007800,2873,2,3,42,-75.2111661969092,39.94749726077739,-75.2127223689577,39.94657087694798
42101007400,1431,1,3,30,-75.21670426769165,39.9433317420382,-75.20977968658377,39.94277241609104
42101007400,3134,1,3,69,-75.21321717097439,39.93756521651925,-75.21448144657289,39.93828669466053
42101007100,2985,1,2,22,-75.22970869394489,39.94286161790834,-75.22709699558487,39.94227389865223
42101007400,2096,2,2,47,-75.21858090021965,39.94111650827286,-75.21626301345525,39.94238165644314
42101007000,2139,1,3,60,-75.22301373881807,39.93342388676521,-75.22003630748317,39.9373475454666
42101007000,3073,1,2,81,-75.22371465477367,39.93644826525579,-75.22289176410605,39.93729290791282
42101007800,1396,2,3,29,-75.21176540128769,39.946132124683146,-75.2146145977118,39.945102492927965
42101007800,1570,2,4,41,-75.21251191094,39.94556694357959,-75.21268446401092,39.94706785141244
42101006900,1674,1,3,46,-75.21708301816777,39.93116918100918,-75.21209528627585,39.93089009737995
42101007800,3086,1,5,42,-75.21129771201412,39.947317366022176,-75.21654883044529,39.94567723123881
42101007100,824,1,2,34,-75.2286723213216,39.941593171371046,-75.22632992613842,39.94306417733248
42101007000,82,1,2,19,-75.22198261528571,39.93519294687835,-75.22311300338352,39.93202773109026
42101007400,3245,2,2,63,-75.21197684329759,39.94252264439371,-75.20937924942912,39.9436924817568
42101007800,1560,1,5,35,-75.2101838032963,39.94652683244437,-75.21577767887086,39.945786235898325
42101007000,2604,1,2,88,-75.22236738816426,39.93682217392112,-75.22067263847131,39.93652646312196
42101007100,3273,1,2,57,-75.22632063245698,39.943510067613744,-75.2295292336763,39.94282535532925
42101007200,154,1,2,68,-75.23477648723889,39.94629155983224,-75.23278559684574,39.94379244749603
42101007100,2238,1,3,59,-75.22691797219383,39.93860860867358,-75.22815422191334,39.93682876890251
42101007400,27,1,2,83,-75.21680343737431,39.93675737517383,-75.21883055111344,39.94152743221403
42101006900,147,1,2,47,-75.21871869278162,39.928014678057934,-75.21559942753672,39.93538145279132
42101007100,920,2,2,44,-75.2271294455194,39.94384122662938,-75.2254000201227,39.9429709197648
42101007000,174,1,4,55,-75.22393661253818,39.93500092786506,-75.21796134323901,39.935496094559035
42101007200,3047,1,2,31,-75.23424601905703,39.94584722142906,-75.22997694552816,39.94313913130296
42101007400,786,2,2,72,-75.2166185681356,39.93837471095027,-75.20827912101092,39.94277658047606
42101007100,1411,1,3,70,-75.2252737154889,39.94216111130527,-75.23006373298927,39.9422619634678
42101007000,2081,1,3,47,-75.22276743446902,39.93520426897392,-75.22103593048887,39.93798132201726
42101007300,66,1,4,60,-75.22229410939347,39.94145544859418,-75.22003016239684,39.9439472872392
42101007400,1466,1,5,40,-75.21388614774949,39.938343203322106,-75.21022149747314,39.94183432027987
42101007000,3627,1,3,35,-75.22267132374064,39.93439019058145,-75.22018344997355,39.9376794413316
42101007100,2389,1,2,53,-75.22753542279196,39.943483283562614,-75.2250593314057,39.94296117818585
42101006900,2689,1,2,50,-75.21813136199675,39.92741454146558,-75.21880850163129,39.93311743651326
42101007000,2253,1,2,54,-75.2218087910704,39.93463274099388,-75.21997471119779,39.935837224987004
42101007100,2545,1,2,65,-75.22467874513355,39.94109474243082,-75.23030612137093,39.93740461241781
42101007000,3204,2,3,60,-75.22101751328286,39.93451332898794,-75.22360131371927,39.93285008299645
42101007800,2261,2,3,32,-75.21161508353282,39.94543674507739,-75.21410669694878,39.94395435528633
42101007000,725,1,1,78,-75.22158744396778,39.93684174135267,-75.21963200569587,39.93589877480912
42101007300,3078,2,3,49,-75.22100804660033,39.94228184250014,-75.2208887458524,39.94450503717112
42101007700,1432,2,3,20,-75.21044500041506,39.94498342556602,-75.208156847582,39.947144418619715
42101007200,681,2,2,46,-75.22943578698312,39.94485491481704,-75.23005923390956,39.94494358709457
42101007800,2516,2,4,39,-75.21509886798613,39.94471027515744,-75.21407249744962,39.94624643094983
42101007100,2207,2,1,46,-75.2322744162187,39.9401453151238,-75.22687563201885,39.936719575150754
42101007000,2562,1,4,58,-75.22278861314216,39.93398591417094,-75.22264253470077,39.93364796117851
42101007300,1742,1,1,81,-75.22305888494293,39.943645539071326,-75.22387212461207,39.942922368222405
42101007800,1880,1,4,52,-75.21416968638611,39.9435751838863,-75.2177783114355,39.947758848458825
42101007100,162,2,3,36,-75.2260434106346,39.94273325490766,-75.2269253097664,39.94474233916814
42101007000,2118,1,2,29,-75.22350425033517,39.93650194226951,-75.2218175320684,39.93455186138413
42101007000,777,2,3,41,-75.22185005056379,39.93775388962051,-75.21846738999196,39.933952406183764
42101007100,198,1,2,64,-75.22640958237214,39.94424861705437,-75.22748234782442,39.9429459371919
42101007000,1799,1,3,70,-75.223245091699,39.936576860913576,-75.22151648684955,39.93663412242075
42101007800,300,2,5,33,-75.2128957622657,39.944607036046314,-75.2133226969329,39.948214532754875
42101007200,1971,2,1,65,-75.22864524474456,39.94392285162068,-75.23223338420286,39.94432196216069
42101007100,217,1,2,60,-75.22552326704711,39.94216044411462,-75.22637619959241,39.943907405760214
42101007000,1848,1,2,46,-75.21993865343954,39.93620545818073,-75.22447486587569,39.9325002016905
42101007400,1468,1,2,59,-75.21449230441058,39.93899970364793,-75.21816563510357,39.94007497864471
42101007100,3012,1,3,60,-75.22340819079636,39.941403581350656,-75.22296807387393,39.94127109906621
42101006900,3051,1,2,32,-75.21874109203843,39.9291300261959,-75.21588538932843,39.93487611802656
42101007800,180,1,5,30,-75.21916771016076,39.945596138191796,-75.21661150386032,39.94824287799503
42101007300,2494,1,2,40,-75.21945215743054,39.942130857378096,-75.21804604276232,39.94311515883204
42101007300,882,2,3,35,-75.22036357926686,39.94274122594132,-75.2212361941132,39.94484710024016
42101007400,2278,1,5,30,-75.21446513004665,39.93785862663025,-75.21624750728124,39.943306206302644
42101007000,3147,1,2,52,-75.22000056457436,39.93626957297371,-75.21875634131959,39.93422146548179
42101006900,2611,2,1,66,-75.22035666525124,39.93089031692321,-75.21974809014931,39.93069878395405
42101007300,796,1,2,40,-75.22199112749685,39.94170858750335,-75.2211584634878,39.94215686457773
42101007000,3100,1,2,70,-75.22118395829777,39.93629075453958,-75.22359004408705,39.936189856004496
42101007100,1426,1,3,69,-75.22512088195454,39.94256891477381,-75.22779894491214,39.93998974761128
42101007400,1455,1,2,40,-75.21712893882004,39.93846692293094,-75.21535576250595,39.94012422829811
42101007100,2860,1,2,55,-75.22452073842011,39.94206899145734,-75.22066916458334,39.939336002957674
42101007000,52,2,3,43,-75.22359981631304,39.93632207291549,-75.22111555918484,39.93449745463285
42101007800,296,1,5,70,-75.22175323354966,39.9469807573587,-75.21564008448854,39.944022262789325
42101007000,87,1,2,45,-75.22245496397261,39.936433792342065,-75.22024917928499,39.93338173579259
42101007300,2327,1,3,22,-75.2214846751828,39.94250090474779,-75.22654645997008,39.946699706757386
42101007200,25,2,4,48,-75.2344107196869,39.94540497617426,-75.22848131023325,39.94637480295168
42101007800,2593,1,5,48,-75.21881935322462,39.944215459411396,-75.21493846356184,39.946068384413785
42101007100,1498,1,4,35,-75.22475080011226,39.942729479135586,-75.22836031733898,39.93936374803052
42101007100,3017,1,5,50,-75.22666247993533,39.94332664607651,-75.22575774370955,39.94111420314428
42101007400,2450,1,3,67,-75.21744938189234,39.937556459765396,-75.21313143178115,39.939071360253344
42101007800,2291,1,5,31,-75.22163003554881,39.94759016958943,-75.21405267822317,39.94704828644264
42101007000,129,1,2,53,-75.22420373786962,39.93451283738668,-75.22207244376283,39.931972116338024
42101007100,687,1,1,33,-75.23319532514627,39.94005360400971,-75.22557218213161,39.936090291554
42101007100,160,1,2,32,-75.22384940519987,39.94153389783265,-75.22192553372427,39.939483423991675
42101006900,1433,1,2,42,-75.21852083137293,39.92907065208277,-75.21739994113962,39.92891170457184
42101006900,2954,1,1,24,-75.21964251556476,39.930463041878454,-75.21752494565413,39.933081674108195
42101006900,1672,1,2,47,-75.2198099523824,39.92878627206086,-75.22008105055562,39.93047763212732
42101007300,2297,1,2,33,-75.22338288905141,39.94226832282013,-75.22003754052076,39.94312802498539
42101007300,2069,1,1,59,-75.2205546020699,39.94114842189913,-75.22411942097098,39.94641940958081
42101007100,909,1,3,51,-75.225323714708,39.94246586023957,-75.22674623836299,39.943563382674135
42101007100,3024,1,4,57,-75.224204945193,39.941361951071336,-75.22707532887333,39.9387216633688
42101007000,104,1,1,88,-75.22298147784494,39.93456707645664,-75.21876438621003,39.93479709989034
42101007800,785,1,5,43,-75.22035011726108,39.94600228166341,-75.21826641414097,39.94405314735288
42101007800,2608,2,4,37,-75.22134703520123,39.94727049385665,-75.21229887277865,39.94781392030241
42101007200,1714,1,3,38,-75.22809094951013,39.94511910161019,-75.23201647034536,39.94682899956812
42101007100,36,1,3,69,-75.22544100430812,39.94180720712299,-75.22491940379054,39.93744734004634
42101007200,2601,1,4,66,-75.22808763654517,39.944036681762576,-75.22885103254406,39.944971056286306
42101007100,801,1,2,58,-75.22660890002322,39.94330988928608,-75.22412098346052,39.9399085054032
42101007100,3305,1,3,31,-75.22481827023566,39.941682659800584,-75.22783944959436,39.93729362859219
42101007800,1452,2,4,55,-75.2185169503912,39.94562076815181,-75.21368581236803,39.9474205636781
42101007300,1618,2,4,30,-75.22232967505363,39.94216561111838,-75.21940973507296,39.94231987672937
42101007300,216,1,2,38,-75.22128236483445,39.94159092140865,-75.22182982936786,39.9439608277925
42101007800,2409,1,1,75,-75.2195003328295,39.94530780520735,-75.21327911388427,39.94728535529492
42101007100,1479,2,3,53,-75.22529529767966,39.94176527836327,-75.22613279487645,39.94138693357333
42101007800,2842,1,2,59,-75.22109746374464,39.94662726842512,-75.21608992923876,39.94368773362751
42101007100,3405,1,3,25,-75.23124297821413,39.94007030006551,-75.22709340346883,39.93648252108567
